DIST_CODE,ASSESSMENT SUBJECT,DATA_CATEGORY_GROUP,DATA_CATEGORY,ECDS_REPORTED,BOTH_BOY_EOY_ASSESSED,MATCH_PROFICIENT_BOY,MATCH_PROFICIENT_EOY,ECDS_REPORTED_suppress,BOTH_BOY_EOY_ASSESSED_suppress,MATCH_PROFICIENT_BOY_suppress,MATCH_PROFICIENT_EOY_suppress,ECDS_REPORTED_noisy_pp,BOTH_BOY_EOY_ASSESSED_noisy_pp,MATCH_PROFICIENT_BOY_noisy_pp,MATCH_PROFICIENT_EOY_noisy_pp
014906,Emergent Literacy Reading,Race/Ethnicity,Black or African American,837,618,323,508,837,618,323,508,839,618,323,508
014906,Emergent Literacy Reading,Race/Ethnicity,Hispanic/Latino,921,682,286,567,921,682,286,567,920,682,287,567
014906,Emergent Literacy Reading,Race/Ethnicity,Other,346,263,136,233,346,263,136,233,346,263,139,235
014906,Emergent Literacy Reading,Race/Ethnicity,White,369,260,128,224,369,260,128,224,370,261,129,226
014906,Emergent Literacy Reading,Homeless,Homeless,50,19,9,19,50,19,NA,19,46,18,7,18
014906,Emergent Literacy Reading,In Foster Care,In Foster Care,43,25,17,22,43,25,17,22,43,24,18,22
014906,Emergent Literacy Writing,Race/Ethnicity,Black or African American,837,624,562,550,837,624,562,550,835,623,562,551
014906,Emergent Literacy Writing,Race/Ethnicity,Hispanic/Latino,921,681,617,631,921,681,617,631,921,682,616,630
014906,Emergent Literacy Writing,Race/Ethnicity,Other,346,265,244,244,346,265,244,244,345,267,244,243
014906,Emergent Literacy Writing,Race/Ethnicity,White,369,259,240,242,369,259,240,242,368,259,242,243
014906,Emergent Literacy Writing,Homeless,Homeless,50,21,21,21,50,21,21,21,51,21,21,21
014906,Emergent Literacy Writing,In Foster Care,In Foster Care,43,25,25,19,43,25,25,19,44,25,25,19
014906,Health and Wellness,Race/Ethnicity,Black or African American,837,621,597,535,837,621,597,535,837,623,595,536
014906,Health and Wellness,Race/Ethnicity,Hispanic/Latino,921,680,664,605,921,680,664,605,921,679,666,606
014906,Health and Wellness,Race/Ethnicity,Other,346,265,261,237,346,265,261,237,346,266,261,236
014906,Health and Wellness,Race/Ethnicity,White,369,259,251,229,369,259,251,229,369,256,251,231
014906,Health and Wellness,Homeless,Homeless,50,21,21,21,50,21,21,21,47,23,21,22
014906,Health and Wellness,In Foster Care,In Foster Care,43,25,13,21,43,25,13,21,42,27,13,21
014906,Language and Communication,Race/Ethnicity,Black or African American,837,617,284,455,837,617,284,455,838,618,282,452
014906,Language and Communication,Race/Ethnicity,Hispanic/Latino,921,681,335,516,921,681,335,516,919,683,336,515
014906,Language and Communication,Race/Ethnicity,Other,346,263,134,200,346,263,134,200,347,263,133,201
014906,Language and Communication,Race/Ethnicity,White,369,258,156,206,369,258,156,206,368,258,155,207
014906,Language and Communication,Homeless,Homeless,50,19,9,19,50,19,NA,19,49,19,8,19
014906,Language and Communication,In Foster Care,In Foster Care,43,25,11,21,43,25,11,21,44,26,10,21
014906,Mathematics,Race/Ethnicity,Black or African American,837,618,506,557,837,618,506,557,838,619,507,555
014906,Mathematics,Race/Ethnicity,Hispanic/Latino,921,682,550,625,921,682,550,625,922,681,550,623
014906,Mathematics,Race/Ethnicity,Other,346,263,220,249,346,263,220,249,346,262,220,249
014906,Mathematics,Race/Ethnicity,White,369,260,234,248,369,260,234,248,369,261,234,247
014906,Mathematics,Homeless,Homeless,50,20,20,20,50,20,20,20,51,19,19,19
014906,Mathematics,In Foster Care,In Foster Care,43,25,20,24,43,25,20,24,43,26,21,25
015822,Emergent Literacy Reading,Race/Ethnicity,Black or African American,9,9,2,9,NA,NA,NA,NA,8,8,3,8
015822,Emergent Literacy Reading,Race/Ethnicity,Hispanic/Latino,351,270,104,244,351,270,104,244,351,270,103,244
015822,Emergent Literacy Reading,Race/Ethnicity,Other,16,7,6,7,16,NA,NA,NA,16,8,5,6
015822,Emergent Literacy Reading,Race/Ethnicity,White,11,6,3,6,NA,NA,NA,NA,11,7,3,7
015822,Emergent Literacy Reading,Homeless,Homeless,11,6,3,6,11,NA,NA,NA,11,4,4,4
015822,Emergent Literacy Reading,In Foster Care,In Foster Care,5,3,1,2,NA,NA,NA,NA,6,3,0,1
015822,Emergent Literacy Writing,Race/Ethnicity,Black or African American,9,9,8,8,NA,NA,NA,NA,8,8,7,7
015822,Emergent Literacy Writing,Race/Ethnicity,Hispanic/Latino,351,271,257,262,351,271,257,262,350,273,258,260
015822,Emergent Literacy Writing,Race/Ethnicity,Other,16,8,7,8,16,NA,NA,NA,16,8,7,7
015822,Emergent Literacy Writing,Race/Ethnicity,White,11,6,6,6,NA,NA,NA,NA,11,6,5,6
015822,Emergent Literacy Writing,Homeless,Homeless,11,6,6,6,11,NA,NA,NA,11,7,7,7
015822,Emergent Literacy Writing,In Foster Care,In Foster Care,5,3,2,3,NA,NA,NA,NA,5,1,1,1
015822,Health and Wellness,Race/Ethnicity,Black or African American,9,9,3,8,NA,NA,NA,NA,10,8,3,8
015822,Health and Wellness,Race/Ethnicity,Hispanic/Latino,351,271,265,262,351,271,265,262,351,270,266,263
015822,Health and Wellness,Race/Ethnicity,Other,16,12,12,8,16,12,12,NA,15,12,12,10
015822,Health and Wellness,Race/Ethnicity,White,11,6,6,6,NA,NA,NA,NA,12,5,5,5
015822,Health and Wellness,Homeless,Homeless,11,6,6,6,11,NA,NA,NA,10,7,7,4
015822,Health and Wellness,In Foster Care,In Foster Care,5,3,3,2,NA,NA,NA,NA,4,4,1,1
015822,Language and Communication,Race/Ethnicity,Black or African American,9,9,2,7,NA,NA,NA,NA,8,8,2,7
015822,Language and Communication,Race/Ethnicity,Hispanic/Latino,351,270,125,207,351,270,125,207,350,269,125,207
015822,Language and Communication,Race/Ethnicity,Other,16,7,7,7,16,NA,NA,NA,16,5,5,5
015822,Language and Communication,Race/Ethnicity,White,11,6,5,6,NA,NA,NA,NA,11,5,5,5
015822,Language and Communication,Homeless,Homeless,11,6,4,6,11,NA,NA,NA,10,7,6,3
015822,Language and Communication,In Foster Care,In Foster Care,5,3,1,2,NA,NA,NA,NA,6,2,1,0
015822,Mathematics,Race/Ethnicity,Black or African American,9,9,6,8,NA,NA,NA,NA,9,9,6,8
015822,Mathematics,Race/Ethnicity,Hispanic/Latino,351,268,227,253,351,268,227,253,350,270,228,253
015822,Mathematics,Race/Ethnicity,Other,16,7,5,7,16,NA,NA,NA,15,8,5,8
015822,Mathematics,Race/Ethnicity,White,11,6,6,6,NA,NA,NA,NA,10,9,7,6
015822,Mathematics,Homeless,Homeless,11,6,6,6,11,NA,NA,NA,10,5,5,5
015822,Mathematics,In Foster Care,In Foster Care,5,3,2,2,NA,NA,NA,NA,4,4,1,3
015828,Emergent Literacy Reading,Race/Ethnicity,Black or African American,45,36,25,24,45,36,25,24,47,36,24,21
015828,Emergent Literacy Reading,Race/Ethnicity,Hispanic/Latino,140,99,40,72,140,99,40,72,140,97,39,71
015828,Emergent Literacy Reading,Race/Ethnicity,Other,16,11,9,11,16,11,NA,11,15,9,9,9
015828,Emergent Literacy Reading,Race/Ethnicity,White,24,21,9,15,24,21,NA,15,26,21,8,14
015828,Emergent Literacy Reading,Homeless,Homeless,8,5,2,4,NA,NA,NA,NA,7,3,3,3
015828,Emergent Literacy Reading,In Foster Care,In Foster Care,3,1,1,1,NA,NA,NA,NA,3,2,0,0
015828,Emergent Literacy Writing,Race/Ethnicity,Black or African American,45,36,21,21,45,36,21,21,45,38,20,21
015828,Emergent Literacy Writing,Race/Ethnicity,Hispanic/Latino,140,100,93,91,140,100,93,91,141,99,93,90
015828,Emergent Literacy Writing,Race/Ethnicity,Other,16,11,11,11,16,11,11,11,17,11,11,10
015828,Emergent Literacy Writing,Race/Ethnicity,White,24,21,16,21,24,21,16,21,24,20,16,20
015828,Emergent Literacy Writing,Homeless,Homeless,8,5,5,4,NA,NA,NA,NA,10,6,4,5
015828,Emergent Literacy Writing,In Foster Care,In Foster Care,3,1,1,1,NA,NA,NA,NA,4,1,1,0
015828,Health and Wellness,Race/Ethnicity,Black or African American,45,36,10,19,45,36,10,19,45,36,9,19
015828,Health and Wellness,Race/Ethnicity,Hispanic/Latino,140,100,100,92,140,100,100,92,140,100,98,92
015828,Health and Wellness,Race/Ethnicity,Other,16,11,11,11,16,11,11,11,17,11,11,10
015828,Health and Wellness,Race/Ethnicity,White,24,21,16,21,24,21,16,21,24,19,12,19
015828,Health and Wellness,Homeless,Homeless,8,5,5,5,NA,NA,NA,NA,8,5,4,5
015828,Health and Wellness,In Foster Care,In Foster Care,3,2,1,1,NA,NA,NA,NA,5,2,0,2
015828,Language and Communication,Race/Ethnicity,Black or African American,45,36,22,28,45,36,22,28,45,38,23,28
015828,Language and Communication,Race/Ethnicity,Hispanic/Latino,140,99,28,56,140,99,28,56,138,99,28,56
015828,Language and Communication,Race/Ethnicity,Other,16,11,6,10,16,11,NA,10,14,13,5,9
015828,Language and Communication,Race/Ethnicity,White,24,21,8,19,24,21,NA,19,26,21,9,19
015828,Language and Communication,Homeless,Homeless,8,5,2,3,NA,NA,NA,NA,8,4,0,3
015828,Language and Communication,In Foster Care,In Foster Care,3,1,1,1,NA,NA,NA,NA,3,1,0,0
015828,Mathematics,Race/Ethnicity,Black or African American,45,36,24,36,45,36,24,36,46,37,23,36
015828,Mathematics,Race/Ethnicity,Hispanic/Latino,140,100,83,92,140,100,83,92,141,100,84,92
015828,Mathematics,Race/Ethnicity,Other,16,11,11,11,16,11,11,11,16,10,10,10
015828,Mathematics,Race/Ethnicity,White,24,21,15,21,24,21,15,21,22,21,13,21
015828,Mathematics,Homeless,Homeless,8,5,4,5,NA,NA,NA,NA,8,5,5,5
015828,Mathematics,In Foster Care,In Foster Care,3,1,1,1,NA,NA,NA,NA,3,1,1,0
015907,Emergent Literacy Reading,Race/Ethnicity,Black or African American,189,134,70,105,189,134,70,105,188,134,71,106
015907,Emergent Literacy Reading,Race/Ethnicity,Hispanic/Latino,2421,1984,883,1510,2421,1984,883,1510,2421,1985,882,1509
015907,Emergent Literacy Reading,Race/Ethnicity,Other,46,37,21,32,46,37,21,32,46,38,21,33
015907,Emergent Literacy Reading,Race/Ethnicity,White,109,79,39,65,109,79,39,65,110,80,41,66
015907,Emergent Literacy Reading,Homeless,Homeless,267,195,84,136,267,195,84,136,266,195,84,136
015907,Emergent Literacy Reading,In Foster Care,In Foster Care,12,5,5,5,12,NA,NA,NA,11,5,5,5
015907,Emergent Literacy Writing,Race/Ethnicity,Black or African American,189,134,128,112,189,134,128,112,190,132,128,112
015907,Emergent Literacy Writing,Race/Ethnicity,Hispanic/Latino,2421,1975,1770,1664,2421,1975,1770,1664,2420,1975,1768,1665
015907,Emergent Literacy Writing,Race/Ethnicity,Other,46,37,35,32,46,37,35,32,47,38,36,31
015907,Emergent Literacy Writing,Race/Ethnicity,White,109,80,75,71,109,80,75,71,109,81,73,72
015907,Emergent Literacy Writing,Homeless,Homeless,267,196,175,157,267,196,175,157,268,196,176,156
015907,Emergent Literacy Writing,In Foster Care,In Foster Care,12,5,5,5,12,NA,NA,NA,14,5,5,5
015907,Health and Wellness,Race/Ethnicity,Black or African American,189,134,82,106,189,134,82,106,190,132,81,105
015907,Health and Wellness,Race/Ethnicity,Hispanic/Latino,2421,1988,1923,1767,2421,1988,1923,1767,2423,1988,1923,1766
015907,Health and Wellness,Race/Ethnicity,Other,46,37,37,34,46,37,37,34,44,37,34,33
015907,Health and Wellness,Race/Ethnicity,White,109,80,80,71,109,80,80,71,110,81,80,73
015907,Health and Wellness,Homeless,Homeless,267,196,190,173,267,196,190,173,268,197,189,172
015907,Health and Wellness,In Foster Care,In Foster Care,12,5,5,5,12,NA,NA,NA,11,3,3,3
015907,Language and Communication,Race/Ethnicity,Black or African American,189,134,46,92,189,134,46,92,190,136,46,92
015907,Language and Communication,Race/Ethnicity,Hispanic/Latino,2421,1982,903,1366,2421,1982,903,1366,2421,1981,902,1366
015907,Language and Communication,Race/Ethnicity,Other,46,37,18,21,46,37,18,21,44,36,20,22
015907,Language and Communication,Race/Ethnicity,White,109,80,33,57,109,80,33,57,110,78,34,57
015907,Language and Communication,Homeless,Homeless,267,195,91,128,267,195,91,128,266,194,91,129
015907,Language and Communication,In Foster Care,In Foster Care,12,5,5,5,12,NA,NA,NA,11,4,4,4
015907,Mathematics,Race/Ethnicity,Black or African American,189,134,111,115,189,134,111,115,188,131,109,114
015907,Mathematics,Race/Ethnicity,Hispanic/Latino,2421,1979,1576,1729,2421,1979,1576,1729,2420,1979,1576,1729
015907,Mathematics,Race/Ethnicity,Other,46,37,30,34,46,37,30,34,45,38,30,35
015907,Mathematics,Race/Ethnicity,White,109,78,64,71,109,78,64,71,109,78,65,72
015907,Mathematics,Homeless,Homeless,267,195,145,170,267,195,145,170,268,195,144,172
015907,Mathematics,In Foster Care,In Foster Care,12,5,5,5,12,NA,NA,NA,13,5,5,5
015910,Emergent Literacy Reading,Race/Ethnicity,Black or African American,164,107,54,85,164,107,54,85,164,106,54,82
015910,Emergent Literacy Reading,Race/Ethnicity,Hispanic/Latino,1376,1029,386,805,1376,1029,386,805,1376,1028,387,805
015910,Emergent Literacy Reading,Race/Ethnicity,Other,153,128,80,114,153,128,80,114,152,129,83,114
015910,Emergent Literacy Reading,Race/Ethnicity,White,260,197,115,171,260,197,115,171,260,198,116,173
015910,Emergent Literacy Reading,Homeless,Homeless,50,27,18,12,50,27,18,12,49,27,19,11
015910,Emergent Literacy Reading,In Foster Care,In Foster Care,23,14,6,10,23,14,NA,10,23,13,7,11
015910,Emergent Literacy Writing,Race/Ethnicity,Black or African American,164,107,99,92,164,107,99,92,165,104,98,91
015910,Emergent Literacy Writing,Race/Ethnicity,Hispanic/Latino,1376,1050,925,927,1376,1050,925,927,1375,1051,925,927
015910,Emergent Literacy Writing,Race/Ethnicity,Other,153,130,118,121,153,130,118,121,152,132,119,122
015910,Emergent Literacy Writing,Race/Ethnicity,White,260,199,188,188,260,199,188,188,260,199,189,187
015910,Emergent Literacy Writing,Homeless,Homeless,50,27,27,22,50,27,27,22,51,27,27,20
015910,Emergent Literacy Writing,In Foster Care,In Foster Care,23,14,9,12,23,14,NA,12,22,15,9,13
015910,Health and Wellness,Race/Ethnicity,Black or African American,164,107,107,92,164,107,107,92,162,106,106,93
015910,Health and Wellness,Race/Ethnicity,Hispanic/Latino,1376,1050,1021,956,1376,1050,1021,956,1376,1051,1021,957
015910,Health and Wellness,Race/Ethnicity,Other,153,128,117,120,153,128,117,120,154,126,116,119
015910,Health and Wellness,Race/Ethnicity,White,260,199,189,194,260,199,189,194,259,198,189,195
015910,Health and Wellness,Homeless,Homeless,50,27,27,27,50,27,27,27,51,25,25,25
015910,Health and Wellness,In Foster Care,In Foster Care,23,14,14,12,23,14,14,12,22,15,14,12
015910,Language and Communication,Race/Ethnicity,Black or African American,164,108,50,72,164,108,50,72,162,105,49,73
015910,Language and Communication,Race/Ethnicity,Hispanic/Latino,1376,1028,578,736,1376,1028,578,736,1377,1029,579,737
015910,Language and Communication,Race/Ethnicity,Other,153,129,65,89,153,129,65,89,154,130,65,87
015910,Language and Communication,Race/Ethnicity,White,260,197,129,165,260,197,129,165,260,197,128,167
015910,Language and Communication,Homeless,Homeless,50,27,11,13,50,27,11,13,51,29,11,11
015910,Language and Communication,In Foster Care,In Foster Care,23,14,8,10,23,14,NA,10,24,14,9,9
015910,Mathematics,Race/Ethnicity,Black or African American,164,106,87,100,164,106,87,100,164,105,87,99
015910,Mathematics,Race/Ethnicity,Hispanic/Latino,1376,1034,870,947,1376,1034,870,947,1376,1034,872,947
015910,Mathematics,Race/Ethnicity,Other,153,129,112,126,153,129,112,126,152,131,111,127
015910,Mathematics,Race/Ethnicity,White,260,197,189,186,260,197,189,186,259,197,190,186
015910,Mathematics,Homeless,Homeless,50,27,18,27,50,27,18,27,52,25,18,25
015910,Mathematics,In Foster Care,In Foster Care,23,14,12,14,23,14,12,14,24,14,12,14
015911,Emergent Literacy Reading,Race/Ethnicity,Black or African American,75,61,28,45,75,61,28,45,75,61,29,45
015911,Emergent Literacy Reading,Race/Ethnicity,Hispanic/Latino,458,361,116,276,458,361,116,276,457,362,116,276
015911,Emergent Literacy Reading,Race/Ethnicity,Other,35,22,8,22,35,22,NA,22,34,23,8,21
015911,Emergent Literacy Reading,Race/Ethnicity,White,70,58,25,44,70,58,NA,44,71,59,23,44
015911,Emergent Literacy Reading,Homeless,Homeless,24,16,5,11,24,16,NA,11,22,15,4,10
015911,Emergent Literacy Reading,In Foster Care,In Foster Care,13,6,2,3,13,NA,NA,NA,13,7,1,3
015911,Emergent Literacy Writing,Race/Ethnicity,Black or African American,75,61,46,47,75,61,46,47,76,61,45,48
015911,Emergent Literacy Writing,Race/Ethnicity,Hispanic/Latino,458,357,274,312,458,357,274,312,458,356,273,312
015911,Emergent Literacy Writing,Race/Ethnicity,Other,35,22,19,21,35,22,19,21,35,22,19,19
015911,Emergent Literacy Writing,Race/Ethnicity,White,70,59,43,53,70,59,43,53,71,58,43,54
015911,Emergent Literacy Writing,Homeless,Homeless,24,16,12,12,24,16,12,12,22,15,11,14
015911,Emergent Literacy Writing,In Foster Care,In Foster Care,13,6,6,6,13,NA,NA,NA,12,4,4,4
015911,Health and Wellness,Race/Ethnicity,Black or African American,75,61,39,53,75,61,39,53,76,59,39,54
015911,Health and Wellness,Race/Ethnicity,Hispanic/Latino,458,358,322,313,458,358,322,313,460,358,323,313
015911,Health and Wellness,Race/Ethnicity,Other,35,21,21,19,35,21,21,19,35,21,20,20
015911,Health and Wellness,Race/Ethnicity,White,70,59,54,53,70,59,54,53,70,58,55,51
015911,Health and Wellness,Homeless,Homeless,24,16,14,13,24,16,14,13,23,16,16,12
015911,Health and Wellness,In Foster Care,In Foster Care,13,6,6,4,13,NA,NA,NA,14,6,5,4
015911,Language and Communication,Race/Ethnicity,Black or African American,75,61,18,34,75,61,18,34,76,63,18,34
015911,Language and Communication,Race/Ethnicity,Hispanic/Latino,458,361,157,216,458,361,157,216,458,358,160,216
015911,Language and Communication,Race/Ethnicity,Other,35,22,10,16,35,22,10,16,35,24,10,16
015911,Language and Communication,Race/Ethnicity,White,70,58,31,40,70,58,31,40,71,60,31,41
015911,Language and Communication,Homeless,Homeless,24,16,6,9,24,16,NA,NA,24,16,5,9
015911,Language and Communication,In Foster Care,In Foster Care,13,6,2,3,13,NA,NA,NA,13,6,1,3
015911,Mathematics,Race/Ethnicity,Black or African American,75,61,44,52,75,61,44,52,74,61,44,52
015911,Mathematics,Race/Ethnicity,Hispanic/Latino,458,357,275,310,458,357,275,310,459,358,276,309
015911,Mathematics,Race/Ethnicity,Other,35,22,21,20,35,22,21,20,35,21,21,20
015911,Mathematics,Race/Ethnicity,White,70,60,50,54,70,60,50,54,70,60,49,54
015911,Mathematics,Homeless,Homeless,24,16,11,13,24,16,11,13,25,16,10,13
015911,Mathematics,In Foster Care,In Foster Care,13,6,4,4,13,NA,NA,NA,12,7,4,4
015912,Emergent Literacy Reading,Race/Ethnicity,Black or African American,48,32,6,7,48,32,NA,NA,47,33,5,6
015912,Emergent Literacy Reading,Race/Ethnicity,Hispanic/Latino,686,402,72,62,686,402,72,62,684,401,71,61
015912,Emergent Literacy Reading,Race/Ethnicity,Other,23,15,1,2,23,15,NA,NA,23,15,1,3
015912,Emergent Literacy Reading,Race/Ethnicity,White,44,29,8,4,44,29,NA,NA,44,29,8,5
015912,Emergent Literacy Reading,Homeless,Homeless,41,18,2,2,41,18,NA,NA,40,20,1,2
015912,Emergent Literacy Reading,In Foster Care,In Foster Care,10,4,1,1,10,NA,NA,NA,11,4,1,1
015912,Emergent Literacy Writing,Race/Ethnicity,Black or African American,48,35,9,11,48,35,NA,11,49,36,10,11
015912,Emergent Literacy Writing,Race/Ethnicity,Hispanic/Latino,686,413,143,100,686,413,143,100,683,412,142,98
015912,Emergent Literacy Writing,Race/Ethnicity,Other,23,17,4,7,23,17,NA,NA,24,17,4,7
015912,Emergent Literacy Writing,Race/Ethnicity,White,44,29,14,7,44,29,14,NA,45,29,14,7
015912,Emergent Literacy Writing,Homeless,Homeless,41,19,5,4,41,19,NA,NA,42,20,4,4
015912,Emergent Literacy Writing,In Foster Care,In Foster Care,10,4,1,1,10,NA,NA,NA,10,5,0,2
015912,Health and Wellness,Race/Ethnicity,Black or African American,48,35,23,8,48,35,23,NA,47,34,23,9
015912,Health and Wellness,Race/Ethnicity,Hispanic/Latino,686,418,246,129,686,418,246,129,684,417,247,129
015912,Health and Wellness,Race/Ethnicity,Other,23,17,8,7,23,17,NA,NA,23,16,7,8
015912,Health and Wellness,Race/Ethnicity,White,44,29,16,9,44,29,NA,NA,44,31,16,8
015912,Health and Wellness,Homeless,Homeless,41,19,12,5,41,19,12,NA,42,17,11,5
015912,Health and Wellness,In Foster Care,In Foster Care,10,4,3,1,10,NA,NA,NA,9,4,3,0
015912,Language and Communication,Race/Ethnicity,Black or African American,48,35,18,23,48,35,18,23,49,33,19,22
015912,Language and Communication,Race/Ethnicity,Hispanic/Latino,686,418,228,292,686,418,228,292,688,417,227,293
015912,Language and Communication,Race/Ethnicity,Other,23,17,10,14,23,17,10,14,22,17,10,15
015912,Language and Communication,Race/Ethnicity,White,44,29,20,23,44,29,20,23,43,27,21,21
015912,Language and Communication,Homeless,Homeless,41,19,11,9,41,19,11,NA,41,20,12,9
015912,Language and Communication,In Foster Care,In Foster Care,10,4,3,3,10,NA,NA,NA,10,3,2,3
015912,Mathematics,Race/Ethnicity,Black or African American,48,35,10,5,48,35,10,NA,49,35,10,6
015912,Mathematics,Race/Ethnicity,Hispanic/Latino,686,401,107,47,686,401,107,47,685,401,106,47
015912,Mathematics,Race/Ethnicity,Other,23,17,6,3,23,17,NA,NA,22,17,5,4
015912,Mathematics,Race/Ethnicity,White,44,29,9,4,44,29,NA,NA,43,30,11,5
015912,Mathematics,Homeless,Homeless,41,19,8,2,41,19,NA,NA,41,20,6,4
015912,Mathematics,In Foster Care,In Foster Care,10,4,1,1,10,NA,NA,NA,11,5,1,0
015915,Emergent Literacy Reading,Race/Ethnicity,Black or African American,289,223,167,189,289,223,167,189,289,224,167,189
015915,Emergent Literacy Reading,Race/Ethnicity,Hispanic/Latino,2356,1961,1061,1498,2356,1961,1061,1498,2356,1961,1062,1498
015915,Emergent Literacy Reading,Race/Ethnicity,Other,361,302,187,246,361,302,187,246,361,302,187,249
015915,Emergent Literacy Reading,Race/Ethnicity,White,339,252,160,198,339,252,160,198,339,252,162,196
015915,Emergent Literacy Reading,Homeless,Homeless,127,85,40,60,127,85,40,60,127,85,38,61
015915,Emergent Literacy Reading,In Foster Care,In Foster Care,70,44,30,35,70,44,30,35,70,44,31,33
015915,Emergent Literacy Writing,Race/Ethnicity,Black or African American,289,221,215,189,289,221,215,189,291,221,213,188
015915,Emergent Literacy Writing,Race/Ethnicity,Hispanic/Latino,2356,1919,1837,1677,2356,1919,1837,1677,2356,1919,1835,1677
015915,Emergent Literacy Writing,Race/Ethnicity,Other,361,298,287,267,361,298,287,267,360,301,286,268
015915,Emergent Literacy Writing,Race/Ethnicity,White,339,247,241,225,339,247,241,225,339,248,241,226
015915,Emergent Literacy Writing,Homeless,Homeless,127,82,82,69,127,82,82,69,127,81,81,69
015915,Emergent Literacy Writing,In Foster Care,In Foster Care,70,42,23,37,70,42,23,37,69,41,23,36
015915,Health and Wellness,Race/Ethnicity,Black or African American,289,218,218,192,289,218,218,192,290,217,217,194
015915,Health and Wellness,Race/Ethnicity,Hispanic/Latino,2356,1872,1861,1712,2356,1872,1861,1712,2356,1873,1860,1710
015915,Health and Wellness,Race/Ethnicity,Other,361,297,292,273,361,297,292,273,361,297,291,274
015915,Health and Wellness,Race/Ethnicity,White,339,245,245,228,339,245,245,228,340,244,244,227
015915,Health and Wellness,Homeless,Homeless,127,82,82,72,127,82,82,72,128,82,82,71
015915,Health and Wellness,In Foster Care,In Foster Care,70,42,42,37,70,42,42,37,70,43,42,38
015915,Language and Communication,Race/Ethnicity,Black or African American,289,223,129,158,289,223,129,158,289,223,129,157
015915,Language and Communication,Race/Ethnicity,Hispanic/Latino,2356,1962,1205,1360,2356,1962,1205,1360,2357,1965,1206,1362
015915,Language and Communication,Race/Ethnicity,Other,361,302,133,165,361,302,133,165,361,302,133,163
015915,Language and Communication,Race/Ethnicity,White,339,252,163,195,339,252,163,195,339,252,164,193
015915,Language and Communication,Homeless,Homeless,127,85,45,58,127,85,45,58,127,84,45,58
015915,Language and Communication,In Foster Care,In Foster Care,70,43,29,35,70,43,29,35,72,43,29,35
015915,Mathematics,Race/Ethnicity,Black or African American,289,222,213,205,289,222,213,205,290,221,213,206
015915,Mathematics,Race/Ethnicity,Hispanic/Latino,2356,1943,1764,1731,2356,1943,1764,1731,2355,1942,1764,1731
015915,Mathematics,Race/Ethnicity,Other,361,299,256,254,361,299,256,254,361,299,257,255
015915,Mathematics,Race/Ethnicity,White,339,251,235,236,339,251,235,236,338,250,235,237
015915,Mathematics,Homeless,Homeless,127,83,74,71,127,83,74,71,127,84,74,71
015915,Mathematics,In Foster Care,In Foster Care,70,42,24,23,70,42,24,23,72,43,24,23
015916,Emergent Literacy Reading,Race/Ethnicity,Black or African American,267,198,97,151,267,198,97,151,267,198,97,153
015916,Emergent Literacy Reading,Race/Ethnicity,Hispanic/Latino,683,550,223,436,683,550,223,436,682,549,224,437
015916,Emergent Literacy Reading,Race/Ethnicity,Other,68,54,25,49,68,54,25,49,66,55,25,47
015916,Emergent Literacy Reading,Race/Ethnicity,White,116,91,39,76,116,91,39,76,117,92,38,75
015916,Emergent Literacy Reading,Homeless,Homeless,30,13,6,13,30,13,NA,13,29,13,6,13
015916,Emergent Literacy Reading,In Foster Care,In Foster Care,18,6,4,6,18,NA,NA,NA,17,5,3,5
015916,Emergent Literacy Writing,Race/Ethnicity,Black or African American,267,192,175,153,267,192,175,153,266,193,175,152
015916,Emergent Literacy Writing,Race/Ethnicity,Hispanic/Latino,683,547,483,492,683,547,483,492,682,545,482,490
015916,Emergent Literacy Writing,Race/Ethnicity,Other,68,54,53,50,68,54,53,50,68,53,52,51
015916,Emergent Literacy Writing,Race/Ethnicity,White,116,91,85,78,116,91,85,78,114,93,85,78
015916,Emergent Literacy Writing,Homeless,Homeless,30,13,13,13,30,13,13,13,31,12,12,12
015916,Emergent Literacy Writing,In Foster Care,In Foster Care,18,6,6,6,18,NA,NA,NA,19,4,4,4
015916,Health and Wellness,Race/Ethnicity,Black or African American,267,112,107,97,267,112,107,97,267,113,106,96
015916,Health and Wellness,Race/Ethnicity,Hispanic/Latino,683,281,274,260,683,281,274,260,685,282,274,260
015916,Health and Wellness,Race/Ethnicity,Other,68,28,25,27,68,28,25,27,68,27,26,26
015916,Health and Wellness,Race/Ethnicity,White,116,38,38,31,116,38,38,31,117,36,36,30
015916,Health and Wellness,Homeless,Homeless,30,8,8,8,30,NA,NA,NA,29,6,6,6
015916,Health and Wellness,In Foster Care,In Foster Care,18,4,4,4,18,NA,NA,NA,17,3,3,3
015916,Language and Communication,Race/Ethnicity,Black or African American,267,196,90,130,267,196,90,130,267,197,87,128
015916,Language and Communication,Race/Ethnicity,Hispanic/Latino,683,550,252,376,683,550,252,376,683,550,251,376
015916,Language and Communication,Race/Ethnicity,Other,68,54,25,40,68,54,25,40,68,54,25,41
015916,Language and Communication,Race/Ethnicity,White,116,90,46,67,116,90,46,67,116,90,46,68
015916,Language and Communication,Homeless,Homeless,30,13,8,13,30,13,NA,13,29,11,8,11
015916,Language and Communication,In Foster Care,In Foster Care,18,6,4,6,18,NA,NA,NA,18,6,5,6
015916,Mathematics,Race/Ethnicity,Black or African American,267,196,162,167,267,196,162,167,267,196,162,168
015916,Mathematics,Race/Ethnicity,Hispanic/Latino,683,549,446,486,683,549,446,486,683,552,445,486
015916,Mathematics,Race/Ethnicity,Other,68,53,43,48,68,53,43,48,70,53,42,49
015916,Mathematics,Race/Ethnicity,White,116,92,83,82,116,92,83,82,115,91,82,82
015916,Mathematics,Homeless,Homeless,30,13,13,13,30,13,13,13,31,12,12,12
015916,Mathematics,In Foster Care,In Foster Care,18,6,6,6,18,NA,NA,NA,20,6,5,5
015917,Emergent Literacy Reading,Race/Ethnicity,Black or African American,12,5,2,3,NA,NA,NA,NA,12,5,2,4
015917,Emergent Literacy Reading,Race/Ethnicity,Hispanic/Latino,340,291,117,221,340,291,117,221,340,290,119,221
015917,Emergent Literacy Reading,Race/Ethnicity,Other,3,2,2,2,NA,NA,NA,NA,2,2,2,1
015917,Emergent Literacy Reading,Race/Ethnicity,White,21,19,10,13,21,19,10,13,21,21,8,13
015917,Emergent Literacy Reading,Homeless,Homeless,8,7,4,7,NA,NA,NA,NA,6,6,5,6
015917,Emergent Literacy Reading,In Foster Care,In Foster Care,8,6,1,2,NA,NA,NA,NA,9,5,3,2
015917,Emergent Literacy Writing,Race/Ethnicity,Black or African American,12,5,5,5,NA,NA,NA,NA,11,5,5,5
015917,Emergent Literacy Writing,Race/Ethnicity,Hispanic/Latino,340,289,249,250,340,289,249,250,338,289,248,251
015917,Emergent Literacy Writing,Race/Ethnicity,Other,6,6,6,6,NA,NA,NA,NA,6,6,6,4
015917,Emergent Literacy Writing,Race/Ethnicity,White,21,19,10,10,21,19,10,10,19,19,9,10
015917,Emergent Literacy Writing,Homeless,Homeless,8,7,7,7,NA,NA,NA,NA,7,7,7,7
015917,Emergent Literacy Writing,In Foster Care,In Foster Care,8,6,2,2,NA,NA,NA,NA,8,6,4,2
015917,Health and Wellness,Race/Ethnicity,Black or African American,12,6,3,6,NA,NA,NA,NA,11,7,2,6
015917,Health and Wellness,Race/Ethnicity,Hispanic/Latino,340,288,257,263,340,288,257,263,340,289,257,263
015917,Health and Wellness,Race/Ethnicity,Other,6,6,2,6,NA,NA,NA,NA,7,5,0,5
015917,Health and Wellness,Race/Ethnicity,White,21,19,19,9,21,19,19,NA,23,21,20,9
015917,Health and Wellness,Homeless,Homeless,8,6,6,6,NA,NA,NA,NA,7,5,5,5
015917,Health and Wellness,In Foster Care,In Foster Care,8,6,3,2,NA,NA,NA,NA,8,4,2,1
015917,Language and Communication,Race/Ethnicity,Black or African American,12,5,2,5,NA,NA,NA,NA,12,6,3,5
015917,Language and Communication,Race/Ethnicity,Hispanic/Latino,340,288,127,174,340,288,127,174,339,287,125,172
015917,Language and Communication,Race/Ethnicity,Other,4,4,1,4,NA,NA,NA,NA,4,4,1,4
015917,Language and Communication,Race/Ethnicity,White,21,18,9,8,21,18,NA,NA,23,18,11,9
015917,Language and Communication,Homeless,Homeless,8,7,4,5,NA,NA,NA,NA,10,6,3,6
015917,Language and Communication,In Foster Care,In Foster Care,8,6,1,2,NA,NA,NA,NA,7,7,0,2
015917,Mathematics,Race/Ethnicity,Black or African American,12,5,5,5,NA,NA,NA,NA,10,4,4,4
015917,Mathematics,Race/Ethnicity,Hispanic/Latino,340,283,212,251,340,283,212,251,342,283,213,250
015917,Mathematics,Race/Ethnicity,Other,5,5,5,5,NA,NA,NA,NA,6,5,5,3
015917,Mathematics,Race/Ethnicity,White,21,18,9,9,21,18,NA,NA,20,19,9,8
015917,Mathematics,Homeless,Homeless,8,7,7,7,NA,NA,NA,NA,9,6,6,6
015917,Mathematics,In Foster Care,In Foster Care,8,6,2,6,NA,NA,NA,NA,7,6,1,6
020901,Emergent Literacy Reading,Race/Ethnicity,Black or African American,202,156,95,137,202,156,95,137,203,154,95,137
020901,Emergent Literacy Reading,Race/Ethnicity,Hispanic/Latino,430,356,112,313,430,356,112,313,430,355,111,312
020901,Emergent Literacy Reading,Race/Ethnicity,Other,112,96,68,89,112,96,68,89,111,98,68,91
020901,Emergent Literacy Reading,Race/Ethnicity,White,113,87,44,81,113,87,44,81,114,88,44,81
020901,Emergent Literacy Reading,Homeless,Homeless,28,12,7,12,28,12,NA,12,28,13,8,11
020901,Emergent Literacy Reading,In Foster Care,In Foster Care,30,11,2,2,30,11,NA,NA,31,12,3,3
020901,Emergent Literacy Writing,Race/Ethnicity,Black or African American,202,156,149,144,202,156,149,144,200,155,148,145
020901,Emergent Literacy Writing,Race/Ethnicity,Hispanic/Latino,430,357,334,333,430,357,334,333,430,357,333,331
020901,Emergent Literacy Writing,Race/Ethnicity,Other,112,96,92,96,112,96,92,96,111,95,92,95
020901,Emergent Literacy Writing,Race/Ethnicity,White,113,87,80,76,113,87,80,76,113,86,80,78
020901,Emergent Literacy Writing,Homeless,Homeless,28,12,12,12,28,12,12,12,26,11,11,11
020901,Emergent Literacy Writing,In Foster Care,In Foster Care,30,11,3,3,30,11,NA,NA,30,11,4,1
020901,Health and Wellness,Race/Ethnicity,Black or African American,202,148,148,137,202,148,148,137,202,147,147,136
020901,Health and Wellness,Race/Ethnicity,Hispanic/Latino,430,349,344,319,430,349,344,319,431,349,345,320
020901,Health and Wellness,Race/Ethnicity,Other,112,85,85,78,112,85,85,78,112,83,83,77
020901,Health and Wellness,Race/Ethnicity,White,113,86,73,78,113,86,73,78,111,86,73,77
020901,Health and Wellness,Homeless,Homeless,28,12,12,12,28,12,12,12,27,11,11,11
020901,Health and Wellness,In Foster Care,In Foster Care,30,11,3,2,30,11,NA,NA,30,9,3,3
020901,Language and Communication,Race/Ethnicity,Black or African American,202,156,80,125,202,156,80,125,200,157,80,123
020901,Language and Communication,Race/Ethnicity,Hispanic/Latino,430,356,185,247,430,356,185,247,429,357,183,243
020901,Language and Communication,Race/Ethnicity,Other,112,96,57,75,112,96,57,75,111,96,59,77
020901,Language and Communication,Race/Ethnicity,White,113,87,58,70,113,87,58,70,113,86,57,70
020901,Language and Communication,Homeless,Homeless,28,12,7,12,28,12,NA,12,27,11,6,11
020901,Language and Communication,In Foster Care,In Foster Care,30,11,5,2,30,11,NA,NA,31,11,5,4
020901,Mathematics,Race/Ethnicity,Black or African American,202,156,141,147,202,156,141,147,203,155,141,148
020901,Mathematics,Race/Ethnicity,Hispanic/Latino,430,355,300,336,430,355,300,336,430,356,301,336
020901,Mathematics,Race/Ethnicity,Other,112,95,89,95,112,95,89,95,111,94,88,94
020901,Mathematics,Race/Ethnicity,White,113,87,72,77,113,87,72,77,112,90,73,79
020901,Mathematics,Homeless,Homeless,28,12,12,12,28,12,12,12,27,13,12,13
020901,Mathematics,In Foster Care,In Foster Care,30,11,3,3,30,11,NA,NA,30,11,2,2
020902,Emergent Literacy Reading,Race/Ethnicity,Black or African American,58,37,17,11,58,37,NA,NA,58,38,17,10
020902,Emergent Literacy Reading,Race/Ethnicity,Hispanic/Latino,176,141,53,34,176,141,53,34,176,142,54,31
020902,Emergent Literacy Reading,Race/Ethnicity,Other,21,15,4,4,21,15,NA,NA,22,14,4,3
020902,Emergent Literacy Reading,Race/Ethnicity,White,50,39,18,15,50,39,18,15,50,36,18,14
020902,Emergent Literacy Reading,Homeless,Homeless,12,6,2,2,12,NA,NA,NA,12,7,3,2
020902,Emergent Literacy Reading,In Foster Care,In Foster Care,2,1,0,0,NA,NA,NA,NA,2,2,0,0
020902,Emergent Literacy Writing,Race/Ethnicity,Black or African American,58,37,14,15,58,37,NA,NA,59,36,15,16
020902,Emergent Literacy Writing,Race/Ethnicity,Hispanic/Latino,176,141,32,20,176,141,32,20,176,140,32,19
020902,Emergent Literacy Writing,Race/Ethnicity,Other,21,15,5,6,21,15,NA,NA,22,15,4,6
020902,Emergent Literacy Writing,Race/Ethnicity,White,50,39,20,15,50,39,20,15,51,39,22,14
020902,Emergent Literacy Writing,Homeless,Homeless,12,6,2,2,12,NA,NA,NA,12,7,0,2
020902,Emergent Literacy Writing,In Foster Care,In Foster Care,2,1,0,0,NA,NA,NA,NA,1,1,1,0
020902,Health and Wellness,Race/Ethnicity,Black or African American,58,37,25,17,58,37,NA,NA,60,36,25,17
020902,Health and Wellness,Race/Ethnicity,Hispanic/Latino,176,141,88,55,176,141,88,55,175,141,88,56
020902,Health and Wellness,Race/Ethnicity,Other,21,15,8,6,21,15,NA,NA,21,13,7,7
020902,Health and Wellness,Race/Ethnicity,White,50,39,27,22,50,39,27,22,49,40,26,21
020902,Health and Wellness,Homeless,Homeless,12,6,4,3,12,NA,NA,NA,14,6,6,2
020902,Health and Wellness,In Foster Care,In Foster Care,2,1,1,0,NA,NA,NA,NA,3,3,1,0
020902,Language and Communication,Race/Ethnicity,Black or African American,58,37,26,31,58,37,NA,31,58,36,27,29
020902,Language and Communication,Race/Ethnicity,Hispanic/Latino,176,141,73,110,176,141,73,110,177,141,75,110
020902,Language and Communication,Race/Ethnicity,Other,21,15,5,10,21,15,NA,10,22,14,5,11
020902,Language and Communication,Race/Ethnicity,White,50,39,26,32,50,39,26,32,51,38,26,32
020902,Language and Communication,Homeless,Homeless,12,6,4,6,12,NA,NA,NA,13,3,3,3
020902,Language and Communication,In Foster Care,In Foster Care,2,1,1,1,NA,NA,NA,NA,2,1,0,1
020902,Mathematics,Race/Ethnicity,Black or African American,58,37,25,10,58,37,25,NA,60,37,24,10
020902,Mathematics,Race/Ethnicity,Hispanic/Latino,176,141,75,32,176,141,75,32,175,141,76,32
020902,Mathematics,Race/Ethnicity,Other,21,15,9,3,21,15,NA,NA,21,16,10,2
020902,Mathematics,Race/Ethnicity,White,50,39,22,10,50,39,NA,10,52,39,24,10
020902,Mathematics,Homeless,Homeless,12,6,4,2,12,NA,NA,NA,13,5,4,1
020902,Mathematics,In Foster Care,In Foster Care,2,1,1,0,NA,NA,NA,NA,2,2,2,0
020908,Emergent Literacy Reading,Race/Ethnicity,Black or African American,91,66,47,56,91,66,47,56,89,66,46,54
020908,Emergent Literacy Reading,Race/Ethnicity,Hispanic/Latino,236,206,88,167,236,206,88,167,236,207,90,170
020908,Emergent Literacy Reading,Race/Ethnicity,Other,92,79,58,73,92,79,58,73,92,78,58,73
020908,Emergent Literacy Reading,Race/Ethnicity,White,76,64,38,51,76,64,38,51,75,63,39,51
020908,Emergent Literacy Reading,Homeless,Homeless,15,9,6,9,15,NA,NA,NA,16,10,7,10
020908,Emergent Literacy Reading,In Foster Care,In Foster Care,8,2,1,1,NA,NA,NA,NA,7,3,0,1
020908,Emergent Literacy Writing,Race/Ethnicity,Black or African American,91,66,66,57,91,66,66,57,91,66,66,56
020908,Emergent Literacy Writing,Race/Ethnicity,Hispanic/Latino,236,206,182,171,236,206,182,171,235,207,183,171
020908,Emergent Literacy Writing,Race/Ethnicity,Other,92,76,48,70,92,76,48,70,91,77,50,69
020908,Emergent Literacy Writing,Race/Ethnicity,White,76,63,57,52,76,63,57,52,76,62,58,54
020908,Emergent Literacy Writing,Homeless,Homeless,15,9,9,9,15,NA,NA,NA,16,7,7,7
020908,Emergent Literacy Writing,In Foster Care,In Foster Care,8,2,2,1,NA,NA,NA,NA,7,2,2,1
020908,Health and Wellness,Race/Ethnicity,Black or African American,91,66,66,56,91,66,66,56,90,65,65,56
020908,Health and Wellness,Race/Ethnicity,Hispanic/Latino,236,206,206,184,236,206,206,184,237,206,206,184
020908,Health and Wellness,Race/Ethnicity,Other,92,75,75,67,92,75,75,67,92,76,75,68
020908,Health and Wellness,Race/Ethnicity,White,76,64,31,48,76,64,31,48,73,64,30,47
020908,Health and Wellness,Homeless,Homeless,15,9,9,9,15,NA,NA,NA,15,9,9,9
020908,Health and Wellness,In Foster Care,In Foster Care,8,2,2,1,NA,NA,NA,NA,9,1,1,1
020908,Language and Communication,Race/Ethnicity,Black or African American,91,66,40,44,91,66,40,44,89,64,40,42
020908,Language and Communication,Race/Ethnicity,Hispanic/Latino,236,207,96,136,236,207,96,136,238,208,96,135
020908,Language and Communication,Race/Ethnicity,Other,92,79,32,46,92,79,32,46,93,80,31,46
020908,Language and Communication,Race/Ethnicity,White,76,64,41,42,76,64,41,42,76,65,42,42
020908,Language and Communication,Homeless,Homeless,15,9,6,8,15,NA,NA,NA,14,8,4,8
020908,Language and Communication,In Foster Care,In Foster Care,8,2,1,1,NA,NA,NA,NA,10,2,2,1
020908,Mathematics,Race/Ethnicity,Black or African American,91,65,65,65,91,65,65,65,91,65,64,64
020908,Mathematics,Race/Ethnicity,Hispanic/Latino,236,205,188,182,236,205,188,182,236,206,188,181
020908,Mathematics,Race/Ethnicity,Other,92,79,47,48,92,79,47,48,92,79,47,48
020908,Mathematics,Race/Ethnicity,White,76,64,57,58,76,64,57,58,76,65,56,59
020908,Mathematics,Homeless,Homeless,15,9,9,9,15,NA,NA,NA,15,10,8,10
020908,Mathematics,In Foster Care,In Foster Care,8,2,2,1,NA,NA,NA,NA,8,2,1,0
021902,Emergent Literacy Reading,Race/Ethnicity,Black or African American,161,123,30,71,161,123,NA,71,163,124,29,71
021902,Emergent Literacy Reading,Race/Ethnicity,Hispanic/Latino,505,447,95,338,505,447,95,338,506,447,95,338
021902,Emergent Literacy Reading,Race/Ethnicity,Other,32,23,9,16,32,23,NA,16,33,22,9,17
021902,Emergent Literacy Reading,Race/Ethnicity,White,96,83,36,61,96,83,36,61,95,83,34,63
021902,Emergent Literacy Reading,Homeless,Homeless,21,12,3,6,21,12,NA,NA,20,13,3,6
021902,Emergent Literacy Reading,In Foster Care,In Foster Care,11,6,1,3,11,NA,NA,NA,11,6,1,2
021902,Emergent Literacy Writing,Race/Ethnicity,Black or African American,161,126,93,106,161,126,93,106,162,127,95,107
021902,Emergent Literacy Writing,Race/Ethnicity,Hispanic/Latino,505,447,384,358,505,447,384,358,505,449,384,358
021902,Emergent Literacy Writing,Race/Ethnicity,Other,32,24,20,23,32,24,20,23,32,25,21,24
021902,Emergent Literacy Writing,Race/Ethnicity,White,96,83,74,76,96,83,74,76,97,84,72,75
021902,Emergent Literacy Writing,Homeless,Homeless,21,12,12,12,21,12,12,12,20,11,11,11
021902,Emergent Literacy Writing,In Foster Care,In Foster Care,11,7,7,4,11,NA,NA,NA,11,7,7,5
021902,Health and Wellness,Race/Ethnicity,Black or African American,161,126,105,99,161,126,105,99,162,127,105,99
021902,Health and Wellness,Race/Ethnicity,Hispanic/Latino,505,447,437,410,505,447,437,410,505,448,437,411
021902,Health and Wellness,Race/Ethnicity,Other,32,23,21,15,32,23,21,15,33,23,21,15
021902,Health and Wellness,Race/Ethnicity,White,96,83,83,83,96,83,83,83,95,84,83,83
021902,Health and Wellness,Homeless,Homeless,21,12,12,6,21,12,12,NA,20,12,11,6
021902,Health and Wellness,In Foster Care,In Foster Care,11,7,7,4,11,NA,NA,NA,13,6,6,4
021902,Language and Communication,Race/Ethnicity,Black or African American,161,123,35,60,161,123,35,60,162,124,33,58
021902,Language and Communication,Race/Ethnicity,Hispanic/Latino,505,447,215,248,505,447,215,248,504,447,215,249
021902,Language and Communication,Race/Ethnicity,Other,32,23,13,16,32,23,13,16,31,22,13,15
021902,Language and Communication,Race/Ethnicity,White,96,83,56,64,96,83,56,64,96,83,57,65
021902,Language and Communication,Homeless,Homeless,21,12,6,6,21,12,NA,NA,20,12,6,5
021902,Language and Communication,In Foster Care,In Foster Care,11,6,2,3,11,NA,NA,NA,12,5,1,3
021902,Mathematics,Race/Ethnicity,Black or African American,161,124,79,99,161,124,79,99,163,124,79,99
021902,Mathematics,Race/Ethnicity,Hispanic/Latino,505,448,265,375,505,448,265,375,504,450,265,379
021902,Mathematics,Race/Ethnicity,Other,32,23,19,15,32,23,19,15,31,23,19,13
021902,Mathematics,Race/Ethnicity,White,96,83,74,83,96,83,74,83,97,85,73,84
021902,Mathematics,Homeless,Homeless,21,12,6,12,21,12,NA,12,21,13,6,10
021902,Mathematics,In Foster Care,In Foster Care,11,6,3,4,11,NA,NA,NA,10,6,2,6
031903,Emergent Literacy Reading,Race/Ethnicity,Black or African American,5,3,1,3,NA,NA,NA,NA,4,3,0,3
031903,Emergent Literacy Reading,Race/Ethnicity,Hispanic/Latino,920,768,398,685,920,768,398,685,919,767,399,685
031903,Emergent Literacy Reading,Race/Ethnicity,Other,5,5,3,3,NA,NA,NA,NA,5,5,5,2
031903,Emergent Literacy Reading,Race/Ethnicity,White,30,27,12,20,30,27,12,20,30,27,13,20
031903,Emergent Literacy Reading,Homeless,Homeless,19,12,5,10,19,12,NA,10,20,12,3,9
031903,Emergent Literacy Reading,In Foster Care,In Foster Care,9,1,1,1,NA,NA,NA,NA,8,1,1,0
031903,Emergent Literacy Writing,Race/Ethnicity,Black or African American,5,5,5,5,NA,NA,NA,NA,5,5,5,5
031903,Emergent Literacy Writing,Race/Ethnicity,Hispanic/Latino,920,755,671,695,920,755,671,695,920,755,672,695
031903,Emergent Literacy Writing,Race/Ethnicity,Other,5,5,3,3,NA,NA,NA,NA,5,5,1,3
031903,Emergent Literacy Writing,Race/Ethnicity,White,30,27,24,21,30,27,24,21,29,27,24,20
031903,Emergent Literacy Writing,Homeless,Homeless,19,11,11,10,19,11,11,10,20,11,11,11
031903,Emergent Literacy Writing,In Foster Care,In Foster Care,9,5,5,5,NA,NA,NA,NA,8,6,5,5
031903,Health and Wellness,Race/Ethnicity,Black or African American,5,5,5,2,NA,NA,NA,NA,6,4,4,1
031903,Health and Wellness,Race/Ethnicity,Hispanic/Latino,920,755,693,681,920,755,693,681,921,754,692,679
031903,Health and Wellness,Race/Ethnicity,Other,6,6,3,6,NA,NA,NA,NA,5,5,3,5
031903,Health and Wellness,Race/Ethnicity,White,30,27,24,22,30,27,24,22,31,27,25,22
031903,Health and Wellness,Homeless,Homeless,19,11,11,9,19,11,11,NA,18,11,11,9
031903,Health and Wellness,In Foster Care,In Foster Care,9,5,1,5,NA,NA,NA,NA,10,3,2,3
031903,Language and Communication,Race/Ethnicity,Black or African American,5,2,1,1,NA,NA,NA,NA,5,5,1,2
031903,Language and Communication,Race/Ethnicity,Hispanic/Latino,920,768,402,603,920,768,402,603,919,768,404,604
031903,Language and Communication,Race/Ethnicity,Other,5,5,2,2,NA,NA,NA,NA,5,5,3,1
031903,Language and Communication,Race/Ethnicity,White,30,27,18,21,30,27,18,21,29,28,18,21
031903,Language and Communication,Homeless,Homeless,19,12,5,7,19,12,NA,NA,20,13,6,7
031903,Language and Communication,In Foster Care,In Foster Care,9,1,1,1,NA,NA,NA,NA,9,1,0,1
031903,Mathematics,Race/Ethnicity,Black or African American,5,5,3,5,NA,NA,NA,NA,4,4,3,4
031903,Mathematics,Race/Ethnicity,Hispanic/Latino,920,769,652,727,920,769,652,727,920,770,652,727
031903,Mathematics,Race/Ethnicity,Other,5,4,2,3,NA,NA,NA,NA,6,3,2,1
031903,Mathematics,Race/Ethnicity,White,30,26,20,20,30,26,20,20,31,26,20,21
031903,Mathematics,Homeless,Homeless,19,12,10,11,19,12,10,11,17,11,10,10
031903,Mathematics,In Foster Care,In Foster Care,9,5,1,5,NA,NA,NA,NA,9,6,1,4
037904,Emergent Literacy Reading,Race/Ethnicity,Black or African American,44,39,13,21,44,39,13,21,44,37,13,21
037904,Emergent Literacy Reading,Race/Ethnicity,Hispanic/Latino,150,136,34,111,150,136,34,111,151,135,36,111
037904,Emergent Literacy Reading,Race/Ethnicity,Other,17,14,4,9,17,14,NA,NA,15,15,5,9
037904,Emergent Literacy Reading,Race/Ethnicity,White,34,30,7,20,34,30,NA,NA,35,29,7,21
037904,Emergent Literacy Reading,Homeless,Homeless,19,13,6,4,19,13,NA,NA,21,13,6,3
037904,Emergent Literacy Reading,In Foster Care,In Foster Care,5,2,1,2,NA,NA,NA,NA,5,2,1,2
037904,Emergent Literacy Writing,Race/Ethnicity,Black or African American,44,28,16,21,44,28,16,21,44,29,17,22
037904,Emergent Literacy Writing,Race/Ethnicity,Hispanic/Latino,150,45,32,39,150,45,32,39,149,47,33,36
037904,Emergent Literacy Writing,Race/Ethnicity,Other,17,10,6,3,17,10,NA,NA,17,9,9,2
037904,Emergent Literacy Writing,Race/Ethnicity,White,34,14,14,14,34,14,NA,NA,34,14,14,14
037904,Emergent Literacy Writing,Homeless,Homeless,19,10,3,2,19,10,NA,NA,20,10,0,3
037904,Emergent Literacy Writing,In Foster Care,In Foster Care,5,1,1,1,NA,NA,NA,NA,5,2,2,0
037904,Health and Wellness,Race/Ethnicity,Black or African American,44,31,31,20,44,31,31,NA,42,32,32,19
037904,Health and Wellness,Race/Ethnicity,Hispanic/Latino,150,53,53,42,150,53,53,42,150,54,52,45
037904,Health and Wellness,Race/Ethnicity,Other,17,12,12,7,17,12,12,NA,16,11,11,8
037904,Health and Wellness,Race/Ethnicity,White,34,20,20,20,34,20,20,20,36,17,17,17
037904,Health and Wellness,Homeless,Homeless,19,11,11,3,19,11,11,NA,20,12,12,3
037904,Health and Wellness,In Foster Care,In Foster Care,5,1,1,1,NA,NA,NA,NA,3,1,0,0
037904,Language and Communication,Race/Ethnicity,Black or African American,44,39,33,20,44,39,33,NA,45,39,32,21
037904,Language and Communication,Race/Ethnicity,Hispanic/Latino,150,137,96,98,150,137,96,98,151,136,95,99
037904,Language and Communication,Race/Ethnicity,Other,17,14,5,8,17,14,NA,NA,16,14,6,9
037904,Language and Communication,Race/Ethnicity,White,34,30,30,30,34,30,NA,30,33,30,30,29
037904,Language and Communication,Homeless,Homeless,19,13,5,5,19,13,NA,NA,19,14,3,4
037904,Language and Communication,In Foster Care,In Foster Care,5,2,2,2,NA,NA,NA,NA,3,1,1,1
037904,Mathematics,Race/Ethnicity,Black or African American,44,36,28,30,44,36,28,30,44,36,30,29
037904,Mathematics,Race/Ethnicity,Hispanic/Latino,150,134,100,115,150,134,100,115,150,135,101,116
037904,Mathematics,Race/Ethnicity,Other,17,14,6,6,17,14,NA,NA,17,12,6,4
037904,Mathematics,Race/Ethnicity,White,34,26,26,26,34,26,NA,NA,33,27,27,26
037904,Mathematics,Homeless,Homeless,19,13,13,13,19,13,13,13,19,14,13,13
037904,Mathematics,In Foster Care,In Foster Care,5,2,2,2,NA,NA,NA,NA,5,3,2,2
043902,Emergent Literacy Reading,Race/Ethnicity,Black or African American,73,47,28,42,73,47,28,42,73,48,28,44
043902,Emergent Literacy Reading,Race/Ethnicity,Hispanic/Latino,75,62,26,49,75,62,26,49,76,62,24,47
043902,Emergent Literacy Reading,Race/Ethnicity,Other,26,19,15,19,26,19,15,19,24,20,15,18
043902,Emergent Literacy Reading,Race/Ethnicity,White,41,31,15,19,41,31,15,19,41,30,14,17
043902,Emergent Literacy Reading,Homeless,Homeless,7,4,1,3,NA,NA,NA,NA,8,3,1,3
043902,Emergent Literacy Reading,In Foster Care,In Foster Care,2,1,1,1,NA,NA,NA,NA,1,1,1,1
043902,Emergent Literacy Writing,Race/Ethnicity,Black or African American,73,47,36,39,73,47,36,39,73,47,37,40
043902,Emergent Literacy Writing,Race/Ethnicity,Hispanic/Latino,75,51,44,45,75,51,44,45,75,53,43,45
043902,Emergent Literacy Writing,Race/Ethnicity,Other,26,19,19,19,26,19,19,19,27,21,21,19
043902,Emergent Literacy Writing,Race/Ethnicity,White,41,31,24,21,41,31,24,21,41,28,23,21
043902,Emergent Literacy Writing,Homeless,Homeless,7,3,3,3,NA,NA,NA,NA,6,4,4,2
043902,Emergent Literacy Writing,In Foster Care,In Foster Care,2,1,1,1,NA,NA,NA,NA,3,1,1,0
043902,Health and Wellness,Race/Ethnicity,Black or African American,73,47,26,31,73,47,26,31,72,47,27,31
043902,Health and Wellness,Race/Ethnicity,Hispanic/Latino,75,49,49,42,75,49,49,42,77,48,48,41
043902,Health and Wellness,Race/Ethnicity,Other,26,19,19,19,26,19,19,19,26,16,16,16
043902,Health and Wellness,Race/Ethnicity,White,41,31,18,21,41,31,18,21,40,34,17,21
043902,Health and Wellness,Homeless,Homeless,7,3,3,3,NA,NA,NA,NA,8,4,1,2
043902,Health and Wellness,In Foster Care,In Foster Care,2,1,1,1,NA,NA,NA,NA,2,2,0,0
043902,Language and Communication,Race/Ethnicity,Black or African American,73,47,21,28,73,47,21,28,71,46,21,29
043902,Language and Communication,Race/Ethnicity,Hispanic/Latino,75,62,37,38,75,62,37,38,75,62,37,38
043902,Language and Communication,Race/Ethnicity,Other,26,19,8,15,26,19,NA,15,25,18,9,17
043902,Language and Communication,Race/Ethnicity,White,41,31,19,25,41,31,NA,25,40,31,20,25
043902,Language and Communication,Homeless,Homeless,7,4,2,3,NA,NA,NA,NA,8,3,3,1
043902,Language and Communication,In Foster Care,In Foster Care,2,1,1,1,NA,NA,NA,NA,1,1,1,0
043902,Mathematics,Race/Ethnicity,Black or African American,73,46,41,34,73,46,41,34,72,46,42,32
043902,Mathematics,Race/Ethnicity,Hispanic/Latino,75,59,43,49,75,59,43,49,75,59,43,51
043902,Mathematics,Race/Ethnicity,Other,26,18,18,18,26,18,18,18,26,19,18,18
043902,Mathematics,Race/Ethnicity,White,41,30,21,30,41,30,21,30,40,30,23,29
043902,Mathematics,Homeless,Homeless,7,4,3,3,NA,NA,NA,NA,8,5,1,2
043902,Mathematics,In Foster Care,In Foster Care,2,1,1,1,NA,NA,NA,NA,1,1,1,1
043905,Emergent Literacy Reading,Race/Ethnicity,Black or African American,146,99,52,77,146,99,52,77,145,97,50,78
043905,Emergent Literacy Reading,Race/Ethnicity,Hispanic/Latino,196,150,54,133,196,150,54,133,196,150,55,134
043905,Emergent Literacy Reading,Race/Ethnicity,Other,856,683,558,667,856,683,558,667,855,685,559,665
043905,Emergent Literacy Reading,Race/Ethnicity,White,102,83,42,69,102,83,42,69,101,81,43,69
043905,Emergent Literacy Reading,Homeless,Homeless,21,21,12,21,21,21,12,21,20,19,13,19
043905,Emergent Literacy Reading,In Foster Care,In Foster Care,6,6,5,6,NA,NA,NA,NA,7,4,4,4
043905,Emergent Literacy Writing,Race/Ethnicity,Black or African American,146,97,97,77,146,97,97,77,145,99,98,76
043905,Emergent Literacy Writing,Race/Ethnicity,Hispanic/Latino,196,139,123,130,196,139,123,130,197,139,123,129
043905,Emergent Literacy Writing,Race/Ethnicity,Other,856,668,647,630,856,668,647,630,854,670,648,630
043905,Emergent Literacy Writing,Race/Ethnicity,White,102,82,68,76,102,82,68,76,102,81,69,76
043905,Emergent Literacy Writing,Homeless,Homeless,20,20,20,20,20,20,20,20,22,21,20,21
043905,Emergent Literacy Writing,In Foster Care,In Foster Care,7,7,7,6,NA,NA,NA,NA,7,5,5,5
043905,Health and Wellness,Race/Ethnicity,Black or African American,146,99,64,82,146,99,64,82,147,99,64,82
043905,Health and Wellness,Race/Ethnicity,Hispanic/Latino,196,149,149,141,196,149,149,141,197,148,148,140
043905,Health and Wellness,Race/Ethnicity,Other,856,681,669,395,856,681,669,395,853,680,669,396
043905,Health and Wellness,Race/Ethnicity,White,102,83,83,83,102,83,83,83,102,85,84,84
043905,Health and Wellness,Homeless,Homeless,22,22,22,22,22,22,22,22,23,22,22,21
043905,Health and Wellness,In Foster Care,In Foster Care,7,7,7,6,NA,NA,NA,NA,8,8,7,5
043905,Language and Communication,Race/Ethnicity,Black or African American,146,97,50,65,146,97,50,65,146,98,49,66
043905,Language and Communication,Race/Ethnicity,Hispanic/Latino,196,150,93,98,196,150,93,98,195,152,92,98
043905,Language and Communication,Race/Ethnicity,Other,856,673,283,442,856,673,283,442,855,672,281,444
043905,Language and Communication,Race/Ethnicity,White,102,82,27,46,102,82,27,46,101,81,27,44
043905,Language and Communication,Homeless,Homeless,16,16,10,16,16,16,10,16,16,16,11,14
043905,Language and Communication,In Foster Care,In Foster Care,6,6,3,5,NA,NA,NA,NA,5,5,2,5
043905,Mathematics,Race/Ethnicity,Black or African American,146,99,84,87,146,99,84,87,144,99,85,87
043905,Mathematics,Race/Ethnicity,Hispanic/Latino,196,150,127,142,196,150,127,142,195,151,128,142
043905,Mathematics,Race/Ethnicity,Other,856,681,638,663,856,681,638,663,854,683,638,661
043905,Mathematics,Race/Ethnicity,White,102,83,68,75,102,83,68,75,101,85,68,74
043905,Mathematics,Homeless,Homeless,22,22,20,22,22,22,20,22,23,23,20,21
043905,Mathematics,In Foster Care,In Foster Care,7,7,6,7,NA,NA,NA,NA,6,6,6,6
043910,Emergent Literacy Reading,Race/Ethnicity,Black or African American,190,123,76,102,190,123,76,102,194,122,75,101
043910,Emergent Literacy Reading,Race/Ethnicity,Hispanic/Latino,516,388,107,312,516,388,107,312,516,389,107,314
043910,Emergent Literacy Reading,Race/Ethnicity,Other,432,311,227,290,432,311,227,290,432,311,226,289
043910,Emergent Literacy Reading,Race/Ethnicity,White,191,144,74,123,191,144,74,123,189,145,75,124
043910,Emergent Literacy Reading,Homeless,Homeless,68,28,15,21,68,28,15,21,67,29,14,21
043910,Emergent Literacy Reading,In Foster Care,In Foster Care,12,7,3,5,12,NA,NA,NA,12,7,2,6
043910,Emergent Literacy Writing,Race/Ethnicity,Black or African American,190,103,97,89,190,103,97,89,190,104,96,87
043910,Emergent Literacy Writing,Race/Ethnicity,Hispanic/Latino,516,366,319,323,516,366,319,323,518,365,318,325
043910,Emergent Literacy Writing,Race/Ethnicity,Other,432,285,274,215,432,285,274,215,430,285,276,216
043910,Emergent Literacy Writing,Race/Ethnicity,White,191,129,118,129,191,129,118,129,190,129,119,128
043910,Emergent Literacy Writing,Homeless,Homeless,68,23,18,18,68,23,18,18,68,24,18,18
043910,Emergent Literacy Writing,In Foster Care,In Foster Care,12,6,6,5,12,NA,NA,NA,12,5,5,5
043910,Health and Wellness,Race/Ethnicity,Black or African American,190,119,119,108,190,119,119,108,190,121,120,107
043910,Health and Wellness,Race/Ethnicity,Hispanic/Latino,516,384,364,355,516,384,364,355,518,382,366,354
043910,Health and Wellness,Race/Ethnicity,Other,432,304,179,232,432,304,179,232,432,304,178,231
043910,Health and Wellness,Race/Ethnicity,White,191,142,142,142,191,142,142,142,191,140,140,140
043910,Health and Wellness,Homeless,Homeless,68,25,20,20,68,25,20,20,68,26,20,22
043910,Health and Wellness,In Foster Care,In Foster Care,12,6,6,6,12,NA,NA,NA,12,8,7,6
043910,Language and Communication,Race/Ethnicity,Black or African American,190,123,58,92,190,123,58,92,191,124,59,92
043910,Language and Communication,Race/Ethnicity,Hispanic/Latino,516,387,254,296,516,387,254,296,516,387,253,298
043910,Language and Communication,Race/Ethnicity,Other,432,309,124,213,432,309,124,213,431,309,124,215
043910,Language and Communication,Race/Ethnicity,White,191,144,65,104,191,144,65,104,192,143,63,104
043910,Language and Communication,Homeless,Homeless,68,27,15,18,68,27,15,18,67,26,14,16
043910,Language and Communication,In Foster Care,In Foster Care,12,7,4,5,12,NA,NA,NA,11,7,3,5
043910,Mathematics,Race/Ethnicity,Black or African American,190,121,105,116,190,121,105,116,188,121,107,118
043910,Mathematics,Race/Ethnicity,Hispanic/Latino,516,386,314,360,516,386,314,360,515,385,314,360
043910,Mathematics,Race/Ethnicity,Other,432,309,272,302,432,309,272,302,432,308,274,301
043910,Mathematics,Race/Ethnicity,White,191,144,124,136,191,144,124,136,190,145,125,137
043910,Mathematics,Homeless,Homeless,68,27,18,21,68,27,18,21,70,25,17,22
043910,Mathematics,In Foster Care,In Foster Care,12,7,6,6,12,NA,NA,NA,10,6,5,6
057803,Emergent Literacy Reading,Race/Ethnicity,Black or African American,390,301,149,244,390,301,149,244,389,300,151,245
057803,Emergent Literacy Reading,Race/Ethnicity,Hispanic/Latino,660,557,174,385,660,557,174,385,662,558,174,385
057803,Emergent Literacy Reading,Race/Ethnicity,Other,60,44,19,31,60,44,19,31,61,44,17,32
057803,Emergent Literacy Reading,Race/Ethnicity,White,35,29,10,25,35,29,10,25,36,28,9,25
057803,Emergent Literacy Reading,Homeless,Homeless,24,15,7,15,24,15,NA,15,24,15,6,14
057803,Emergent Literacy Reading,In Foster Care,In Foster Care,5,5,2,4,NA,NA,NA,NA,5,3,1,3
057803,Emergent Literacy Writing,Race/Ethnicity,Black or African American,390,299,276,277,390,299,276,277,392,299,275,277
057803,Emergent Literacy Writing,Race/Ethnicity,Hispanic/Latino,660,551,487,521,660,551,487,521,661,553,486,522
057803,Emergent Literacy Writing,Race/Ethnicity,Other,60,44,43,34,60,44,43,34,57,44,44,33
057803,Emergent Literacy Writing,Race/Ethnicity,White,35,28,28,28,35,28,28,28,37,29,27,28
057803,Emergent Literacy Writing,Homeless,Homeless,24,15,15,15,24,15,15,15,25,14,14,14
057803,Emergent Literacy Writing,In Foster Care,In Foster Care,6,6,6,6,NA,NA,NA,NA,5,5,5,5
057803,Health and Wellness,Race/Ethnicity,Black or African American,390,294,278,260,390,294,278,260,391,294,279,260
057803,Health and Wellness,Race/Ethnicity,Hispanic/Latino,660,504,469,485,660,504,469,485,659,503,470,485
057803,Health and Wellness,Race/Ethnicity,Other,60,43,36,36,60,43,36,36,61,45,37,35
057803,Health and Wellness,Race/Ethnicity,White,35,28,28,28,35,28,28,28,36,27,27,27
057803,Health and Wellness,Homeless,Homeless,24,15,15,15,24,15,15,15,24,16,16,14
057803,Health and Wellness,In Foster Care,In Foster Care,6,6,6,5,NA,NA,NA,NA,6,6,6,5
057803,Language and Communication,Race/Ethnicity,Black or African American,390,301,133,196,390,301,133,196,391,301,133,196
057803,Language and Communication,Race/Ethnicity,Hispanic/Latino,660,557,160,317,660,557,160,317,659,556,160,316
057803,Language and Communication,Race/Ethnicity,Other,60,44,19,26,60,44,NA,26,59,42,19,24
057803,Language and Communication,Race/Ethnicity,White,35,29,9,18,35,29,NA,18,36,30,9,21
057803,Language and Communication,Homeless,Homeless,24,15,7,10,24,15,NA,10,24,16,7,11
057803,Language and Communication,In Foster Care,In Foster Care,5,5,2,4,NA,NA,NA,NA,6,5,2,3
057803,Mathematics,Race/Ethnicity,Black or African American,390,300,247,255,390,300,247,255,391,300,248,254
057803,Mathematics,Race/Ethnicity,Hispanic/Latino,660,551,394,441,660,551,394,441,661,552,392,443
057803,Mathematics,Race/Ethnicity,Other,60,44,35,33,60,44,35,33,59,44,35,33
057803,Mathematics,Race/Ethnicity,White,35,28,23,28,35,28,23,28,35,28,23,28
057803,Mathematics,Homeless,Homeless,24,15,15,15,24,15,15,15,24,15,15,15
057803,Mathematics,In Foster Care,In Foster Care,5,5,5,5,NA,NA,NA,NA,4,4,4,4
057903,Emergent Literacy Reading,Race/Ethnicity,Black or African American,153,100,63,81,153,100,63,81,152,98,63,81
057903,Emergent Literacy Reading,Race/Ethnicity,Hispanic/Latino,744,580,210,489,744,580,210,489,744,581,209,489
057903,Emergent Literacy Reading,Race/Ethnicity,Other,367,245,205,237,367,245,205,237,367,245,206,239
057903,Emergent Literacy Reading,Race/Ethnicity,White,74,61,42,55,74,61,42,55,74,62,41,56
057903,Emergent Literacy Reading,Homeless,Homeless,11,6,6,6,11,NA,NA,NA,11,4,4,4
057903,Emergent Literacy Reading,In Foster Care,In Foster Care,12,7,3,6,12,NA,NA,NA,12,8,3,5
057903,Emergent Literacy Writing,Race/Ethnicity,Black or African American,153,82,75,75,153,82,75,75,153,81,76,74
057903,Emergent Literacy Writing,Race/Ethnicity,Hispanic/Latino,744,544,470,438,744,544,470,438,743,543,469,438
057903,Emergent Literacy Writing,Race/Ethnicity,Other,367,232,151,216,367,232,151,216,367,230,150,215
057903,Emergent Literacy Writing,Race/Ethnicity,White,74,57,57,49,74,57,57,49,74,57,57,49
057903,Emergent Literacy Writing,Homeless,Homeless,11,6,6,6,11,NA,NA,NA,10,5,4,5
057903,Emergent Literacy Writing,In Foster Care,In Foster Care,12,6,6,5,12,NA,NA,NA,12,8,7,6
057903,Health and Wellness,Race/Ethnicity,Black or African American,153,73,73,61,153,73,73,61,153,72,72,62
057903,Health and Wellness,Race/Ethnicity,Hispanic/Latino,744,564,552,483,744,564,552,483,745,564,551,482
057903,Health and Wellness,Race/Ethnicity,Other,367,232,132,147,367,232,132,147,368,232,132,146
057903,Health and Wellness,Race/Ethnicity,White,74,57,57,57,74,57,57,57,73,57,57,56
057903,Health and Wellness,Homeless,Homeless,11,6,6,6,11,NA,NA,NA,13,5,5,5
057903,Health and Wellness,In Foster Care,In Foster Care,12,6,6,5,12,NA,NA,NA,12,7,6,6
057903,Language and Communication,Race/Ethnicity,Black or African American,153,100,47,65,153,100,47,65,153,101,47,67
057903,Language and Communication,Race/Ethnicity,Hispanic/Latino,744,580,363,359,744,580,363,359,744,579,362,360
057903,Language and Communication,Race/Ethnicity,Other,367,245,111,177,367,245,111,177,367,244,111,179
057903,Language and Communication,Race/Ethnicity,White,74,61,44,47,74,61,44,47,74,61,44,46
057903,Language and Communication,Homeless,Homeless,11,6,6,6,11,NA,NA,NA,10,6,5,5
057903,Language and Communication,In Foster Care,In Foster Care,12,7,4,5,12,NA,NA,NA,11,8,4,5
057903,Mathematics,Race/Ethnicity,Black or African American,153,100,85,89,153,100,85,89,156,101,86,89
057903,Mathematics,Race/Ethnicity,Hispanic/Latino,744,572,452,513,744,572,452,513,742,574,451,512
057903,Mathematics,Race/Ethnicity,Other,367,242,230,155,367,242,230,155,368,242,229,156
057903,Mathematics,Race/Ethnicity,White,74,58,52,58,74,58,52,58,73,59,55,57
057903,Mathematics,Homeless,Homeless,11,7,7,7,11,NA,NA,NA,9,8,7,6
057903,Mathematics,In Foster Care,In Foster Care,12,7,6,6,12,NA,NA,NA,13,6,6,5
057905,Emergent Literacy Reading,Race/Ethnicity,Black or African American,1883,1128,639,967,1883,1128,639,967,1883,1130,640,966
057905,Emergent Literacy Reading,Race/Ethnicity,Hispanic/Latino,5486,4468,1297,3871,5486,4468,1297,3871,5487,4467,1294,3870
057905,Emergent Literacy Reading,Race/Ethnicity,Other,291,216,125,190,291,216,125,190,287,216,126,190
057905,Emergent Literacy Reading,Race/Ethnicity,White,365,291,132,267,365,291,132,267,365,292,133,267
057905,Emergent Literacy Reading,Homeless,Homeless,395,219,58,181,395,219,58,181,396,218,60,180
057905,Emergent Literacy Reading,In Foster Care,In Foster Care,71,41,15,35,71,41,15,35,72,42,15,36
057905,Emergent Literacy Writing,Race/Ethnicity,Black or African American,1883,972,849,866,1883,972,849,866,1882,972,851,867
057905,Emergent Literacy Writing,Race/Ethnicity,Hispanic/Latino,5486,3785,3057,3410,5486,3785,3057,3410,5486,3784,3055,3410
057905,Emergent Literacy Writing,Race/Ethnicity,Other,291,177,155,159,291,177,155,159,292,177,154,158
057905,Emergent Literacy Writing,Race/Ethnicity,White,365,263,227,252,365,263,227,252,365,263,225,253
057905,Emergent Literacy Writing,Homeless,Homeless,395,194,154,170,395,194,154,170,394,194,156,169
057905,Emergent Literacy Writing,In Foster Care,In Foster Care,71,34,30,29,71,34,30,29,70,34,30,29
057905,Health and Wellness,Race/Ethnicity,Black or African American,1883,975,916,818,1883,975,916,818,1882,972,916,819
057905,Health and Wellness,Race/Ethnicity,Hispanic/Latino,5486,3863,3571,3517,5486,3863,3571,3517,5487,3865,3571,3516
057905,Health and Wellness,Race/Ethnicity,Other,291,185,177,155,291,185,177,155,292,186,176,155
057905,Health and Wellness,Race/Ethnicity,White,365,257,247,240,365,257,247,240,364,256,247,240
057905,Health and Wellness,Homeless,Homeless,395,197,182,177,395,197,182,177,395,196,181,177
057905,Health and Wellness,In Foster Care,In Foster Care,71,34,34,27,71,34,34,27,71,33,33,26
057905,Language and Communication,Race/Ethnicity,Black or African American,1883,1123,527,824,1883,1123,527,824,1883,1122,528,824
057905,Language and Communication,Race/Ethnicity,Hispanic/Latino,5486,4472,2160,3142,5486,4472,2160,3142,5489,4471,2159,3141
057905,Language and Communication,Race/Ethnicity,Other,291,215,106,152,291,215,106,152,291,216,105,151
057905,Language and Communication,Race/Ethnicity,White,365,291,152,229,365,291,152,229,364,292,151,230
057905,Language and Communication,Homeless,Homeless,395,218,105,166,395,218,105,166,395,218,106,164
057905,Language and Communication,In Foster Care,In Foster Care,71,41,19,28,71,41,19,28,70,42,18,27
057905,Mathematics,Race/Ethnicity,Black or African American,1883,1049,895,988,1883,1049,895,988,1883,1050,895,988
057905,Mathematics,Race/Ethnicity,Hispanic/Latino,5486,4283,3212,3968,5486,4283,3212,3968,5486,4283,3212,3968
057905,Mathematics,Race/Ethnicity,Other,291,204,168,187,291,204,168,187,291,205,168,188
057905,Mathematics,Race/Ethnicity,White,365,278,249,273,365,278,249,273,365,277,249,272
057905,Mathematics,Homeless,Homeless,395,206,150,188,395,206,150,188,396,205,150,190
057905,Mathematics,In Foster Care,In Foster Care,71,39,28,37,71,39,28,37,72,40,29,38
057907,Emergent Literacy Reading,Race/Ethnicity,Black or African American,217,172,101,147,217,172,101,147,217,172,101,147
057907,Emergent Literacy Reading,Race/Ethnicity,Hispanic/Latino,263,238,96,214,263,238,96,214,263,239,94,214
057907,Emergent Literacy Reading,Race/Ethnicity,Other,14,12,9,12,14,12,NA,12,15,14,8,13
057907,Emergent Literacy Reading,Race/Ethnicity,White,14,13,8,13,14,13,NA,13,16,13,8,13
057907,Emergent Literacy Reading,Homeless,Homeless,16,10,4,9,16,10,NA,NA,15,9,3,9
057907,Emergent Literacy Reading,In Foster Care,In Foster Care,5,3,1,3,NA,NA,NA,NA,6,4,0,1
057907,Emergent Literacy Writing,Race/Ethnicity,Black or African American,217,172,151,153,217,172,151,153,217,171,152,153
057907,Emergent Literacy Writing,Race/Ethnicity,Hispanic/Latino,263,238,204,229,263,238,204,229,263,237,205,226
057907,Emergent Literacy Writing,Race/Ethnicity,Other,14,12,12,12,14,12,12,12,14,13,11,12
057907,Emergent Literacy Writing,Race/Ethnicity,White,14,13,11,11,14,13,11,11,14,13,10,13
057907,Emergent Literacy Writing,Homeless,Homeless,16,10,8,9,16,10,NA,NA,15,10,6,8
057907,Emergent Literacy Writing,In Foster Care,In Foster Care,5,3,3,3,NA,NA,NA,NA,5,2,2,2
057907,Health and Wellness,Race/Ethnicity,Black or African American,217,171,155,140,217,171,155,140,216,169,155,141
057907,Health and Wellness,Race/Ethnicity,Hispanic/Latino,263,238,227,227,263,238,227,227,264,238,229,228
057907,Health and Wellness,Race/Ethnicity,Other,14,12,12,12,14,12,12,12,12,11,11,11
057907,Health and Wellness,Race/Ethnicity,White,14,13,11,11,14,13,11,11,15,13,11,10
057907,Health and Wellness,Homeless,Homeless,16,10,9,9,16,10,NA,NA,16,10,9,9
057907,Health and Wellness,In Foster Care,In Foster Care,5,3,3,3,NA,NA,NA,NA,6,3,1,3
057907,Language and Communication,Race/Ethnicity,Black or African American,217,172,88,132,217,172,88,132,217,172,86,131
057907,Language and Communication,Race/Ethnicity,Hispanic/Latino,263,238,131,175,263,238,131,175,263,237,131,173
057907,Language and Communication,Race/Ethnicity,Other,14,12,7,9,14,12,NA,NA,14,12,7,11
057907,Language and Communication,Race/Ethnicity,White,14,13,8,9,14,13,NA,NA,14,13,8,8
057907,Language and Communication,Homeless,Homeless,16,10,5,8,16,10,NA,NA,16,12,5,8
057907,Language and Communication,In Foster Care,In Foster Care,5,3,2,2,NA,NA,NA,NA,6,2,1,1
057907,Mathematics,Race/Ethnicity,Black or African American,217,170,157,160,217,170,157,160,217,170,159,159
057907,Mathematics,Race/Ethnicity,Hispanic/Latino,263,236,175,191,263,236,175,191,264,235,177,190
057907,Mathematics,Race/Ethnicity,Other,14,12,12,12,14,12,12,12,13,10,10,10
057907,Mathematics,Race/Ethnicity,White,14,13,11,13,14,13,11,13,13,13,12,13
057907,Mathematics,Homeless,Homeless,16,10,8,9,16,10,NA,NA,17,10,7,9
057907,Mathematics,In Foster Care,In Foster Care,5,3,2,3,NA,NA,NA,NA,5,4,1,3
057909,Emergent Literacy Reading,Race/Ethnicity,Black or African American,394,285,164,252,394,285,164,252,394,286,164,252
057909,Emergent Literacy Reading,Race/Ethnicity,Hispanic/Latino,1418,1159,275,1029,1418,1159,275,1029,1418,1159,276,1029
057909,Emergent Literacy Reading,Race/Ethnicity,Other,365,298,181,274,365,298,181,274,365,299,181,276
057909,Emergent Literacy Reading,Race/Ethnicity,White,216,178,104,162,216,178,104,162,216,179,104,161
057909,Emergent Literacy Reading,Homeless,Homeless,63,44,15,38,63,44,15,38,61,44,14,39
057909,Emergent Literacy Reading,In Foster Care,In Foster Care,11,11,5,11,11,11,NA,11,12,9,4,9
057909,Emergent Literacy Writing,Race/Ethnicity,Black or African American,394,273,251,243,394,273,251,243,395,273,250,244
057909,Emergent Literacy Writing,Race/Ethnicity,Hispanic/Latino,1418,1098,898,946,1418,1098,898,946,1418,1097,898,944
057909,Emergent Literacy Writing,Race/Ethnicity,Other,365,288,270,272,365,288,270,272,365,288,269,272
057909,Emergent Literacy Writing,Race/Ethnicity,White,216,171,158,161,216,171,158,161,217,171,159,161
057909,Emergent Literacy Writing,Homeless,Homeless,63,42,34,36,63,42,34,36,64,42,33,37
057909,Emergent Literacy Writing,In Foster Care,In Foster Care,11,11,11,11,11,11,11,11,12,9,9,9
057909,Health and Wellness,Race/Ethnicity,Black or African American,394,275,264,246,394,275,264,246,395,274,263,247
057909,Health and Wellness,Race/Ethnicity,Hispanic/Latino,1418,1131,1050,1031,1418,1131,1050,1031,1417,1129,1050,1031
057909,Health and Wellness,Race/Ethnicity,Other,365,287,282,273,365,287,282,273,363,288,282,273
057909,Health and Wellness,Race/Ethnicity,White,216,173,167,161,216,173,167,161,216,173,170,159
057909,Health and Wellness,Homeless,Homeless,63,43,37,39,63,43,37,39,64,42,35,38
057909,Health and Wellness,In Foster Care,In Foster Care,12,12,12,11,12,12,12,11,13,12,11,11
057909,Language and Communication,Race/Ethnicity,Black or African American,394,285,134,208,394,285,134,208,396,288,134,207
057909,Language and Communication,Race/Ethnicity,Hispanic/Latino,1418,1158,499,803,1418,1158,499,803,1419,1158,500,803
057909,Language and Communication,Race/Ethnicity,Other,365,299,117,216,365,299,117,216,365,300,116,219
057909,Language and Communication,Race/Ethnicity,White,216,178,111,149,216,178,111,149,218,177,109,149
057909,Language and Communication,Homeless,Homeless,63,44,24,29,63,44,24,29,63,43,26,30
057909,Language and Communication,In Foster Care,In Foster Care,10,10,6,10,10,10,NA,10,12,9,6,9
057909,Mathematics,Race/Ethnicity,Black or African American,394,284,237,268,394,284,237,268,396,285,238,268
057909,Mathematics,Race/Ethnicity,Hispanic/Latino,1418,1161,629,1081,1418,1161,629,1081,1418,1160,628,1083
057909,Mathematics,Race/Ethnicity,Other,365,300,247,247,365,300,247,247,364,301,247,246
057909,Mathematics,Race/Ethnicity,White,216,176,159,176,216,176,159,176,216,174,160,174
057909,Mathematics,Homeless,Homeless,63,44,29,41,63,44,29,41,63,43,28,41
057909,Mathematics,In Foster Care,In Foster Care,12,12,9,12,12,12,NA,12,10,10,8,10
057910,Emergent Literacy Reading,Race/Ethnicity,Black or African American,204,150,114,137,204,150,114,137,203,150,114,139
057910,Emergent Literacy Reading,Race/Ethnicity,Hispanic/Latino,881,731,398,670,881,731,398,670,879,731,398,670
057910,Emergent Literacy Reading,Race/Ethnicity,Other,71,59,49,56,71,59,49,56,71,60,49,54
057910,Emergent Literacy Reading,Race/Ethnicity,White,66,55,25,46,66,55,25,46,65,54,25,45
057910,Emergent Literacy Reading,Homeless,Homeless,61,41,16,36,61,41,16,36,60,41,15,36
057910,Emergent Literacy Reading,In Foster Care,In Foster Care,11,7,4,6,11,NA,NA,NA,12,7,3,7
057910,Emergent Literacy Writing,Race/Ethnicity,Black or African American,204,148,103,143,204,148,103,143,203,148,103,143
057910,Emergent Literacy Writing,Race/Ethnicity,Hispanic/Latino,881,721,644,675,881,721,644,675,880,722,644,673
057910,Emergent Literacy Writing,Race/Ethnicity,Other,71,58,58,57,71,58,58,57,71,58,58,57
057910,Emergent Literacy Writing,Race/Ethnicity,White,66,55,55,50,66,55,55,50,65,56,55,50
057910,Emergent Literacy Writing,Homeless,Homeless,61,42,37,37,61,42,37,37,61,42,36,37
057910,Emergent Literacy Writing,In Foster Care,In Foster Care,11,7,6,6,11,NA,NA,NA,10,6,5,6
057910,Health and Wellness,Race/Ethnicity,Black or African American,204,126,90,110,204,126,90,110,200,125,88,111
057910,Health and Wellness,Race/Ethnicity,Hispanic/Latino,881,700,677,642,881,700,677,642,882,700,678,641
057910,Health and Wellness,Race/Ethnicity,Other,71,52,52,47,71,52,52,47,70,52,52,46
057910,Health and Wellness,Race/Ethnicity,White,66,51,51,45,66,51,51,45,66,52,52,45
057910,Health and Wellness,Homeless,Homeless,61,38,20,19,61,38,20,19,60,35,20,18
057910,Health and Wellness,In Foster Care,In Foster Care,11,6,6,5,11,NA,NA,NA,13,3,3,3
057910,Language and Communication,Race/Ethnicity,Black or African American,204,150,102,126,204,150,102,126,205,150,101,124
057910,Language and Communication,Race/Ethnicity,Hispanic/Latino,881,731,415,556,881,731,415,556,882,732,415,557
057910,Language and Communication,Race/Ethnicity,Other,71,59,38,53,71,59,38,53,72,60,38,53
057910,Language and Communication,Race/Ethnicity,White,66,55,46,46,66,55,46,46,66,55,47,46
057910,Language and Communication,Homeless,Homeless,61,41,22,29,61,41,22,29,61,41,21,29
057910,Language and Communication,In Foster Care,In Foster Care,11,7,4,5,11,NA,NA,NA,9,8,3,6
057910,Mathematics,Race/Ethnicity,Black or African American,204,148,142,104,204,148,142,104,204,149,143,105
057910,Mathematics,Race/Ethnicity,Hispanic/Latino,881,734,613,699,881,734,613,699,880,735,613,699
057910,Mathematics,Race/Ethnicity,Other,71,59,55,59,71,59,55,59,71,58,55,58
057910,Mathematics,Race/Ethnicity,White,66,55,44,55,66,55,44,55,65,57,46,56
057910,Mathematics,Homeless,Homeless,61,41,35,22,61,41,35,22,60,41,33,21
057910,Mathematics,In Foster Care,In Foster Care,11,7,6,6,11,NA,NA,NA,11,7,7,5
057912,Emergent Literacy Reading,Race/Ethnicity,Black or African American,199,148,99,133,199,148,99,133,198,148,99,134
057912,Emergent Literacy Reading,Race/Ethnicity,Hispanic/Latino,1314,1099,406,935,1314,1099,406,935,1315,1099,404,934
057912,Emergent Literacy Reading,Race/Ethnicity,Other,157,122,90,96,157,122,90,96,157,119,90,95
057912,Emergent Literacy Reading,Race/Ethnicity,White,81,59,29,59,81,59,29,59,82,59,30,59
057912,Emergent Literacy Reading,Homeless,Homeless,36,14,5,14,36,14,NA,14,36,12,5,12
057912,Emergent Literacy Reading,In Foster Care,In Foster Care,16,10,4,8,16,10,NA,NA,15,12,4,7
057912,Emergent Literacy Writing,Race/Ethnicity,Black or African American,199,150,140,141,199,150,140,141,200,152,137,142
057912,Emergent Literacy Writing,Race/Ethnicity,Hispanic/Latino,1314,1116,1021,1026,1314,1116,1021,1026,1315,1116,1020,1027
057912,Emergent Literacy Writing,Race/Ethnicity,Other,157,122,116,117,157,122,116,117,156,121,115,116
057912,Emergent Literacy Writing,Race/Ethnicity,White,81,59,53,54,81,59,53,54,82,60,53,55
057912,Emergent Literacy Writing,Homeless,Homeless,36,13,13,13,36,13,13,13,38,11,11,11
057912,Emergent Literacy Writing,In Foster Care,In Foster Care,16,10,9,9,16,10,NA,NA,17,10,9,8
057912,Health and Wellness,Race/Ethnicity,Black or African American,199,150,131,135,199,150,131,135,200,150,133,136
057912,Health and Wellness,Race/Ethnicity,Hispanic/Latino,1314,1114,1097,1026,1314,1114,1097,1026,1313,1116,1097,1025
057912,Health and Wellness,Race/Ethnicity,Other,157,122,104,119,157,122,104,119,160,123,103,118
057912,Health and Wellness,Race/Ethnicity,White,81,59,59,53,81,59,59,53,82,57,57,52
057912,Health and Wellness,Homeless,Homeless,36,13,13,13,36,13,13,13,37,12,12,12
057912,Health and Wellness,In Foster Care,In Foster Care,16,10,10,9,16,10,10,NA,17,11,10,9
057912,Language and Communication,Race/Ethnicity,Black or African American,199,146,83,130,199,146,83,130,199,146,83,129
057912,Language and Communication,Race/Ethnicity,Hispanic/Latino,1314,1099,700,912,1314,1099,700,912,1314,1100,699,911
057912,Language and Communication,Race/Ethnicity,Other,157,122,63,105,157,122,63,105,157,121,65,105
057912,Language and Communication,Race/Ethnicity,White,81,59,32,51,81,59,32,51,82,59,33,50
057912,Language and Communication,Homeless,Homeless,36,13,13,13,36,13,13,13,36,13,12,12
057912,Language and Communication,In Foster Care,In Foster Care,16,10,7,8,16,10,NA,NA,16,10,8,6
057912,Mathematics,Race/Ethnicity,Black or African American,199,150,130,145,199,150,130,145,199,152,130,145
057912,Mathematics,Race/Ethnicity,Hispanic/Latino,1314,1115,924,1029,1314,1115,924,1029,1312,1115,923,1028
057912,Mathematics,Race/Ethnicity,Other,157,124,110,93,157,124,110,93,154,125,112,94
057912,Mathematics,Race/Ethnicity,White,81,59,52,59,81,59,52,59,81,59,52,59
057912,Mathematics,Homeless,Homeless,36,13,13,13,36,13,13,13,35,13,12,13
057912,Mathematics,In Foster Care,In Foster Care,16,10,9,9,16,10,NA,NA,17,11,10,11
057913,Emergent Literacy Reading,Race/Ethnicity,Black or African American,295,249,192,231,295,249,192,231,295,250,192,229
057913,Emergent Literacy Reading,Race/Ethnicity,Hispanic/Latino,84,71,31,65,84,71,31,65,83,72,29,65
057913,Emergent Literacy Reading,Race/Ethnicity,Other,12,10,7,10,12,10,NA,10,12,11,8,10
057913,Emergent Literacy Reading,Race/Ethnicity,White,23,18,12,11,23,18,NA,11,24,18,12,11
057913,Emergent Literacy Reading,Homeless,Homeless,39,36,22,7,39,36,22,NA,39,35,20,6
057913,Emergent Literacy Reading,In Foster Care,In Foster Care,10,5,2,2,10,NA,NA,NA,10,6,3,2
057913,Emergent Literacy Writing,Race/Ethnicity,Black or African American,295,234,217,217,295,234,217,217,297,236,216,217
057913,Emergent Literacy Writing,Race/Ethnicity,Hispanic/Latino,84,69,68,59,84,69,68,59,83,67,67,59
057913,Emergent Literacy Writing,Race/Ethnicity,Other,12,8,8,8,12,NA,NA,NA,11,9,8,7
057913,Emergent Literacy Writing,Race/Ethnicity,White,23,19,17,14,23,NA,NA,NA,23,20,18,14
057913,Emergent Literacy Writing,Homeless,Homeless,39,33,7,7,39,33,NA,NA,39,32,6,6
057913,Emergent Literacy Writing,In Foster Care,In Foster Care,10,5,5,2,10,NA,NA,NA,11,2,2,2
057913,Health and Wellness,Race/Ethnicity,Black or African American,295,248,241,214,295,248,241,214,296,248,241,215
057913,Health and Wellness,Race/Ethnicity,Hispanic/Latino,84,70,69,60,84,70,69,60,84,72,67,59
057913,Health and Wellness,Race/Ethnicity,Other,12,10,10,10,12,10,10,10,14,10,10,10
057913,Health and Wellness,Race/Ethnicity,White,23,18,16,14,23,18,16,14,25,18,16,11
057913,Health and Wellness,Homeless,Homeless,39,36,7,31,39,36,NA,31,39,35,7,31
057913,Health and Wellness,In Foster Care,In Foster Care,10,5,5,2,10,NA,NA,NA,10,5,3,2
057913,Language and Communication,Race/Ethnicity,Black or African American,295,235,133,194,295,235,133,194,293,234,133,195
057913,Language and Communication,Race/Ethnicity,Hispanic/Latino,84,69,41,58,84,69,41,58,83,68,40,57
057913,Language and Communication,Race/Ethnicity,Other,12,8,4,8,12,NA,NA,NA,11,8,3,8
057913,Language and Communication,Race/Ethnicity,White,23,20,13,11,23,NA,NA,NA,21,20,13,10
057913,Language and Communication,Homeless,Homeless,39,32,15,26,39,32,15,26,37,32,15,26
057913,Language and Communication,In Foster Care,In Foster Care,10,2,1,2,10,NA,NA,NA,10,2,0,2
057913,Mathematics,Race/Ethnicity,Black or African American,295,249,221,231,295,249,221,231,295,249,220,231
057913,Mathematics,Race/Ethnicity,Hispanic/Latino,84,70,54,60,84,70,54,60,85,71,52,58
057913,Mathematics,Race/Ethnicity,Other,12,10,10,10,12,10,10,10,13,11,9,9
057913,Mathematics,Race/Ethnicity,White,23,18,11,14,23,18,11,14,24,17,10,15
057913,Mathematics,Homeless,Homeless,39,36,30,7,39,36,30,NA,39,37,30,10
057913,Mathematics,In Foster Care,In Foster Care,10,5,2,5,10,NA,NA,NA,12,6,3,6
057914,Emergent Literacy Reading,Race/Ethnicity,Black or African American,358,238,130,190,358,238,130,190,357,238,130,191
057914,Emergent Literacy Reading,Race/Ethnicity,Hispanic/Latino,999,814,168,704,999,814,168,704,1001,814,167,702
057914,Emergent Literacy Reading,Race/Ethnicity,Other,54,44,21,34,54,44,21,34,53,45,20,34
057914,Emergent Literacy Reading,Race/Ethnicity,White,70,59,21,46,70,59,21,46,71,60,21,45
057914,Emergent Literacy Reading,Homeless,Homeless,37,24,6,17,37,24,NA,17,37,25,6,19
057914,Emergent Literacy Reading,In Foster Care,In Foster Care,7,7,2,6,NA,NA,NA,NA,8,8,3,5
057914,Emergent Literacy Writing,Race/Ethnicity,Black or African American,358,230,208,194,358,230,208,194,358,230,208,194
057914,Emergent Literacy Writing,Race/Ethnicity,Hispanic/Latino,999,784,631,684,999,784,631,684,999,783,633,683
057914,Emergent Literacy Writing,Race/Ethnicity,Other,54,42,35,42,54,42,35,42,53,42,37,42
057914,Emergent Literacy Writing,Race/Ethnicity,White,70,54,49,39,70,54,49,39,69,55,49,41
057914,Emergent Literacy Writing,Homeless,Homeless,37,20,20,14,37,20,20,14,36,19,18,14
057914,Emergent Literacy Writing,In Foster Care,In Foster Care,7,7,6,6,NA,NA,NA,NA,6,6,6,6
057914,Health and Wellness,Race/Ethnicity,Black or African American,358,230,217,183,358,230,217,183,359,231,217,184
057914,Health and Wellness,Race/Ethnicity,Hispanic/Latino,999,795,749,704,999,795,749,704,998,793,747,704
057914,Health and Wellness,Race/Ethnicity,Other,54,42,42,32,54,42,42,32,54,43,40,31
057914,Health and Wellness,Race/Ethnicity,White,70,56,42,48,70,56,42,48,70,56,44,48
057914,Health and Wellness,Homeless,Homeless,37,22,22,22,37,22,22,22,35,23,21,23
057914,Health and Wellness,In Foster Care,In Foster Care,7,7,7,6,NA,NA,NA,NA,9,6,6,6
057914,Language and Communication,Race/Ethnicity,Black or African American,358,238,92,166,358,238,92,166,359,238,90,166
057914,Language and Communication,Race/Ethnicity,Hispanic/Latino,999,809,318,529,999,809,318,529,999,810,319,529
057914,Language and Communication,Race/Ethnicity,Other,54,44,12,27,54,44,12,27,54,42,11,28
057914,Language and Communication,Race/Ethnicity,White,70,59,26,42,70,59,26,42,69,58,25,42
057914,Language and Communication,Homeless,Homeless,37,23,7,15,37,23,NA,15,38,23,7,16
057914,Language and Communication,In Foster Care,In Foster Care,7,7,3,5,NA,NA,NA,NA,7,6,3,3
057914,Mathematics,Race/Ethnicity,Black or African American,358,236,193,206,358,236,193,206,358,238,192,207
057914,Mathematics,Race/Ethnicity,Hispanic/Latino,999,805,507,736,999,805,507,736,999,806,506,735
057914,Mathematics,Race/Ethnicity,Other,54,44,30,39,54,44,30,39,52,45,30,38
057914,Mathematics,Race/Ethnicity,White,70,58,41,52,70,58,41,52,69,58,40,53
057914,Mathematics,Homeless,Homeless,37,23,15,16,37,23,15,16,39,22,14,18
057914,Mathematics,In Foster Care,In Foster Care,7,7,5,7,NA,NA,NA,NA,7,6,5,6
057916,Emergent Literacy Reading,Race/Ethnicity,Black or African American,399,273,171,223,399,273,171,223,399,274,171,222
057916,Emergent Literacy Reading,Race/Ethnicity,Hispanic/Latino,728,562,156,457,728,562,156,457,728,562,155,456
057916,Emergent Literacy Reading,Race/Ethnicity,Other,186,148,87,131,186,148,87,131,184,148,88,132
057916,Emergent Literacy Reading,Race/Ethnicity,White,292,266,182,237,292,266,182,237,294,266,184,238
057916,Emergent Literacy Reading,Homeless,Homeless,112,75,12,57,112,75,12,57,112,75,11,57
057916,Emergent Literacy Reading,In Foster Care,In Foster Care,19,8,4,8,19,NA,NA,NA,18,8,2,8
057916,Emergent Literacy Writing,Race/Ethnicity,Black or African American,399,271,224,239,399,271,224,239,399,272,225,238
057916,Emergent Literacy Writing,Race/Ethnicity,Hispanic/Latino,728,561,407,497,728,561,407,497,728,562,409,498
057916,Emergent Literacy Writing,Race/Ethnicity,Other,186,148,130,143,186,148,130,143,186,147,131,145
057916,Emergent Literacy Writing,Race/Ethnicity,White,292,266,250,256,292,266,250,256,291,266,251,255
057916,Emergent Literacy Writing,Homeless,Homeless,112,74,49,61,112,74,49,61,113,75,50,60
057916,Emergent Literacy Writing,In Foster Care,In Foster Care,19,8,7,7,19,NA,NA,NA,20,10,6,7
057916,Health and Wellness,Race/Ethnicity,Black or African American,399,272,230,236,399,272,230,236,397,271,228,235
057916,Health and Wellness,Race/Ethnicity,Hispanic/Latino,728,562,454,519,728,562,454,519,727,561,455,519
057916,Health and Wellness,Race/Ethnicity,Other,186,148,130,140,186,148,130,140,187,147,132,140
057916,Health and Wellness,Race/Ethnicity,White,292,266,255,248,292,266,255,248,290,267,256,248
057916,Health and Wellness,Homeless,Homeless,112,75,55,61,112,75,55,61,112,74,54,62
057916,Health and Wellness,In Foster Care,In Foster Care,19,8,8,7,19,NA,NA,NA,19,7,7,7
057916,Language and Communication,Race/Ethnicity,Black or African American,399,273,96,189,399,273,96,189,399,271,96,190
057916,Language and Communication,Race/Ethnicity,Hispanic/Latino,728,564,299,451,728,564,299,451,728,565,299,450
057916,Language and Communication,Race/Ethnicity,Other,186,147,58,105,186,147,58,105,185,149,59,106
057916,Language and Communication,Race/Ethnicity,White,292,267,183,233,292,267,183,233,294,266,181,233
057916,Language and Communication,Homeless,Homeless,112,74,34,48,112,74,34,48,115,74,35,48
057916,Language and Communication,In Foster Care,In Foster Care,19,8,5,7,19,NA,NA,NA,17,8,4,7
057916,Mathematics,Race/Ethnicity,Black or African American,399,273,223,238,399,273,223,238,399,273,223,238
057916,Mathematics,Race/Ethnicity,Hispanic/Latino,728,560,397,501,728,560,397,501,729,562,396,501
057916,Mathematics,Race/Ethnicity,Other,186,147,115,137,186,147,115,137,186,146,116,136
057916,Mathematics,Race/Ethnicity,White,292,267,251,261,292,267,251,261,292,267,250,261
057916,Mathematics,Homeless,Homeless,112,75,48,63,112,75,48,63,113,75,49,62
057916,Mathematics,In Foster Care,In Foster Care,19,8,7,8,19,NA,NA,NA,19,6,6,6
061901,Emergent Literacy Reading,Race/Ethnicity,Black or African American,335,267,163,209,335,267,163,209,335,268,163,209
061901,Emergent Literacy Reading,Race/Ethnicity,Hispanic/Latino,573,502,237,399,573,502,237,399,572,502,239,400
061901,Emergent Literacy Reading,Race/Ethnicity,Other,250,208,153,181,250,208,153,181,250,210,153,181
061901,Emergent Literacy Reading,Race/Ethnicity,White,201,177,110,144,201,177,110,144,198,177,110,144
061901,Emergent Literacy Reading,Homeless,Homeless,44,36,18,31,44,36,18,31,44,37,17,32
061901,Emergent Literacy Reading,In Foster Care,In Foster Care,14,8,7,8,14,NA,NA,NA,14,8,7,7
061901,Emergent Literacy Writing,Race/Ethnicity,Black or African American,335,267,243,212,335,267,243,212,334,267,243,212
061901,Emergent Literacy Writing,Race/Ethnicity,Hispanic/Latino,573,456,401,383,573,456,401,383,574,457,401,383
061901,Emergent Literacy Writing,Race/Ethnicity,Other,250,206,195,179,250,206,195,179,249,206,193,179
061901,Emergent Literacy Writing,Race/Ethnicity,White,201,175,169,159,201,175,169,159,202,175,168,159
061901,Emergent Literacy Writing,Homeless,Homeless,44,36,30,26,44,36,30,26,45,36,28,29
061901,Emergent Literacy Writing,In Foster Care,In Foster Care,14,7,7,7,14,NA,NA,NA,14,7,5,7
061901,Health and Wellness,Race/Ethnicity,Black or African American,335,257,246,195,335,257,246,195,335,258,245,197
061901,Health and Wellness,Race/Ethnicity,Hispanic/Latino,573,463,451,398,573,463,451,398,574,461,452,396
061901,Health and Wellness,Race/Ethnicity,Other,250,202,147,177,250,202,147,177,251,202,149,177
061901,Health and Wellness,Race/Ethnicity,White,201,174,174,154,201,174,174,154,202,173,173,153
061901,Health and Wellness,Homeless,Homeless,44,35,35,30,44,35,35,30,43,34,34,30
061901,Health and Wellness,In Foster Care,In Foster Care,14,6,6,6,14,NA,NA,NA,15,7,5,5
061901,Language and Communication,Race/Ethnicity,Black or African American,335,263,127,159,335,263,127,159,335,264,125,161
061901,Language and Communication,Race/Ethnicity,Hispanic/Latino,573,499,305,333,573,499,305,333,574,497,305,334
061901,Language and Communication,Race/Ethnicity,Other,250,208,119,148,250,208,119,148,252,208,119,147
061901,Language and Communication,Race/Ethnicity,White,201,177,128,142,201,177,128,142,202,176,128,143
061901,Language and Communication,Homeless,Homeless,44,36,23,26,44,36,23,26,44,36,24,25
061901,Language and Communication,In Foster Care,In Foster Care,14,7,6,7,14,NA,NA,NA,15,6,6,6
061901,Mathematics,Race/Ethnicity,Black or African American,335,261,230,222,335,261,230,222,335,262,230,223
061901,Mathematics,Race/Ethnicity,Hispanic/Latino,573,464,398,410,573,464,398,410,573,464,399,409
061901,Mathematics,Race/Ethnicity,Other,250,206,190,192,250,206,190,192,251,206,190,193
061901,Mathematics,Race/Ethnicity,White,201,175,159,157,201,175,159,157,199,174,160,158
061901,Mathematics,Homeless,Homeless,44,36,27,27,44,36,27,27,45,36,27,27
061901,Mathematics,In Foster Care,In Foster Care,14,7,7,7,14,NA,NA,NA,14,4,4,4
061902,Emergent Literacy Reading,Race/Ethnicity,Black or African American,198,137,88,108,198,137,88,108,198,137,88,107
061902,Emergent Literacy Reading,Race/Ethnicity,Hispanic/Latino,594,478,193,374,594,478,193,374,595,477,193,372
061902,Emergent Literacy Reading,Race/Ethnicity,Other,338,284,220,257,338,284,220,257,338,282,219,257
061902,Emergent Literacy Reading,Race/Ethnicity,White,132,110,75,94,132,110,75,94,131,109,77,93
061902,Emergent Literacy Reading,Homeless,Homeless,85,62,29,48,85,62,29,48,84,61,30,48
061902,Emergent Literacy Reading,In Foster Care,In Foster Care,19,13,6,7,19,13,NA,NA,19,13,6,7
061902,Emergent Literacy Writing,Race/Ethnicity,Black or African American,198,135,124,116,198,135,124,116,199,134,125,116
061902,Emergent Literacy Writing,Race/Ethnicity,Hispanic/Latino,594,482,452,427,594,482,452,427,591,483,451,428
061902,Emergent Literacy Writing,Race/Ethnicity,Other,338,281,148,250,338,281,148,250,339,279,149,251
061902,Emergent Literacy Writing,Race/Ethnicity,White,132,110,110,105,132,110,110,105,130,110,110,104
061902,Emergent Literacy Writing,Homeless,Homeless,85,62,28,50,85,62,28,50,87,63,28,49
061902,Emergent Literacy Writing,In Foster Care,In Foster Care,19,13,13,8,19,13,13,NA,17,14,13,8
061902,Health and Wellness,Race/Ethnicity,Black or African American,198,136,131,100,198,136,131,100,197,136,132,100
061902,Health and Wellness,Race/Ethnicity,Hispanic/Latino,594,467,458,409,594,467,458,409,595,467,458,409
061902,Health and Wellness,Race/Ethnicity,Other,338,281,279,250,338,281,279,250,338,279,279,250
061902,Health and Wellness,Race/Ethnicity,White,132,110,110,99,132,110,110,99,132,107,107,101
061902,Health and Wellness,Homeless,Homeless,85,60,28,49,85,60,28,49,85,59,28,50
061902,Health and Wellness,In Foster Care,In Foster Care,19,13,13,8,19,13,13,NA,18,13,12,9
061902,Language and Communication,Race/Ethnicity,Black or African American,198,137,72,85,198,137,72,85,198,139,72,86
061902,Language and Communication,Race/Ethnicity,Hispanic/Latino,594,478,269,269,594,478,269,269,598,478,270,269
061902,Language and Communication,Race/Ethnicity,Other,338,284,148,190,338,284,148,190,339,284,150,191
061902,Language and Communication,Race/Ethnicity,White,132,109,77,89,132,109,77,89,133,110,78,90
061902,Language and Communication,Homeless,Homeless,85,62,37,37,85,62,37,37,86,62,36,37
061902,Language and Communication,In Foster Care,In Foster Care,19,13,8,6,19,13,NA,NA,21,13,8,6
061902,Mathematics,Race/Ethnicity,Black or African American,198,135,121,118,198,135,121,118,198,135,119,117
061902,Mathematics,Race/Ethnicity,Hispanic/Latino,594,478,413,426,594,478,413,426,594,475,412,425
061902,Mathematics,Race/Ethnicity,Other,338,282,143,144,338,282,143,144,338,282,143,145
061902,Mathematics,Race/Ethnicity,White,132,110,110,110,132,110,110,110,132,109,109,109
061902,Mathematics,Homeless,Homeless,85,61,54,53,85,61,54,53,85,62,55,55
061902,Mathematics,In Foster Care,In Foster Care,19,13,13,13,19,13,13,13,19,13,12,13
061911,Emergent Literacy Reading,Race/Ethnicity,Black or African American,195,158,84,126,195,158,84,126,194,158,87,126
061911,Emergent Literacy Reading,Race/Ethnicity,Hispanic/Latino,327,277,119,223,327,277,119,223,327,277,118,224
061911,Emergent Literacy Reading,Race/Ethnicity,Other,327,261,196,248,327,261,196,248,327,262,196,248
061911,Emergent Literacy Reading,Race/Ethnicity,White,319,290,174,247,319,290,174,247,317,289,173,249
061911,Emergent Literacy Reading,Homeless,Homeless,11,6,6,6,11,NA,NA,NA,10,6,6,6
061911,Emergent Literacy Reading,In Foster Care,In Foster Care,23,19,9,7,23,19,NA,NA,24,19,8,6
061911,Emergent Literacy Writing,Race/Ethnicity,Black or African American,195,158,138,128,195,158,138,128,195,156,140,128
061911,Emergent Literacy Writing,Race/Ethnicity,Hispanic/Latino,327,279,255,227,327,279,255,227,328,278,254,228
061911,Emergent Literacy Writing,Race/Ethnicity,Other,327,262,251,244,327,262,251,244,328,262,253,244
061911,Emergent Literacy Writing,Race/Ethnicity,White,319,289,281,271,319,289,281,271,317,289,281,272
061911,Emergent Literacy Writing,Homeless,Homeless,11,6,6,6,11,NA,NA,NA,11,6,6,5
061911,Emergent Literacy Writing,In Foster Care,In Foster Care,23,19,19,14,23,19,19,14,24,21,21,13
061911,Health and Wellness,Race/Ethnicity,Black or African American,195,154,154,132,195,154,154,132,194,153,153,133
061911,Health and Wellness,Race/Ethnicity,Hispanic/Latino,327,273,273,252,327,273,273,252,327,275,270,252
061911,Health and Wellness,Race/Ethnicity,Other,327,259,118,252,327,259,118,252,327,259,118,253
061911,Health and Wellness,Race/Ethnicity,White,319,279,274,263,319,279,274,263,318,280,274,264
061911,Health and Wellness,Homeless,Homeless,11,6,6,6,11,NA,NA,NA,12,7,5,7
061911,Health and Wellness,In Foster Care,In Foster Care,23,19,19,7,23,19,19,NA,22,18,18,7
061911,Language and Communication,Race/Ethnicity,Black or African American,195,158,71,105,195,158,71,105,195,160,70,104
061911,Language and Communication,Race/Ethnicity,Hispanic/Latino,327,277,161,182,327,277,161,182,326,278,161,183
061911,Language and Communication,Race/Ethnicity,Other,327,261,138,193,327,261,138,193,328,262,138,193
061911,Language and Communication,Race/Ethnicity,White,319,290,205,240,319,290,205,240,319,289,205,239
061911,Language and Communication,Homeless,Homeless,11,6,6,6,11,NA,NA,NA,9,7,6,5
061911,Language and Communication,In Foster Care,In Foster Care,23,19,11,13,23,19,11,13,23,20,11,11
061911,Mathematics,Race/Ethnicity,Black or African American,195,158,134,139,195,158,134,139,195,159,134,139
061911,Mathematics,Race/Ethnicity,Hispanic/Latino,327,278,229,240,327,278,229,240,326,277,228,240
061911,Mathematics,Race/Ethnicity,Other,327,261,238,247,327,261,238,247,328,261,239,246
061911,Mathematics,Race/Ethnicity,White,319,290,280,281,319,290,280,281,318,291,279,282
061911,Mathematics,Homeless,Homeless,11,6,6,6,11,NA,NA,NA,10,7,5,5
061911,Mathematics,In Foster Care,In Foster Care,23,19,19,8,23,19,19,NA,22,18,18,8
068901,Emergent Literacy Reading,Race/Ethnicity,Black or African American,58,38,17,30,58,38,17,30,59,40,16,30
068901,Emergent Literacy Reading,Race/Ethnicity,Hispanic/Latino,1297,1041,307,839,1297,1041,307,839,1299,1041,307,839
068901,Emergent Literacy Reading,Race/Ethnicity,Other,44,35,17,29,44,35,17,29,42,35,16,29
068901,Emergent Literacy Reading,Race/Ethnicity,White,163,130,47,97,163,130,47,97,162,131,46,99
068901,Emergent Literacy Reading,Homeless,Homeless,116,56,8,41,116,56,NA,41,117,56,7,40
068901,Emergent Literacy Reading,In Foster Care,In Foster Care,7,7,3,7,NA,NA,NA,NA,5,5,2,5
068901,Emergent Literacy Writing,Race/Ethnicity,Black or African American,58,36,26,35,58,36,26,35,60,35,25,33
068901,Emergent Literacy Writing,Race/Ethnicity,Hispanic/Latino,1297,1038,800,950,1297,1038,800,950,1297,1037,801,950
068901,Emergent Literacy Writing,Race/Ethnicity,Other,44,35,26,32,44,35,26,32,48,37,25,31
068901,Emergent Literacy Writing,Race/Ethnicity,White,163,128,94,116,163,128,94,116,163,127,96,116
068901,Emergent Literacy Writing,Homeless,Homeless,116,54,37,48,116,54,37,48,116,53,37,48
068901,Emergent Literacy Writing,In Foster Care,In Foster Care,7,7,7,3,NA,NA,NA,NA,8,8,8,4
068901,Health and Wellness,Race/Ethnicity,Black or African American,58,36,24,35,58,36,24,35,59,35,23,35
068901,Health and Wellness,Race/Ethnicity,Hispanic/Latino,1297,1011,827,909,1297,1011,827,909,1298,1013,826,909
068901,Health and Wellness,Race/Ethnicity,Other,44,35,25,30,44,35,25,30,43,37,26,30
068901,Health and Wellness,Race/Ethnicity,White,163,129,104,119,163,129,104,119,165,128,104,119
068901,Health and Wellness,Homeless,Homeless,116,52,42,46,116,52,42,46,116,50,41,46
068901,Health and Wellness,In Foster Care,In Foster Care,7,7,7,7,NA,NA,NA,NA,6,6,6,6
068901,Language and Communication,Race/Ethnicity,Black or African American,58,37,15,25,58,37,15,25,57,38,14,26
068901,Language and Communication,Race/Ethnicity,Hispanic/Latino,1297,1041,528,712,1297,1041,528,712,1297,1041,528,712
068901,Language and Communication,Race/Ethnicity,Other,44,35,16,30,44,35,16,30,44,35,15,30
068901,Language and Communication,Race/Ethnicity,White,163,130,68,95,163,130,68,95,163,130,69,94
068901,Language and Communication,Homeless,Homeless,116,56,32,39,116,56,32,39,116,57,32,38
068901,Language and Communication,In Foster Care,In Foster Care,6,6,5,6,NA,NA,NA,NA,7,7,5,7
068901,Mathematics,Race/Ethnicity,Black or African American,58,37,30,31,58,37,30,31,59,39,31,30
068901,Mathematics,Race/Ethnicity,Hispanic/Latino,1297,1038,794,904,1297,1038,794,904,1297,1039,795,903
068901,Mathematics,Race/Ethnicity,Other,44,35,26,33,44,35,26,33,45,35,28,32
068901,Mathematics,Race/Ethnicity,White,163,130,102,112,163,130,102,112,163,131,101,113
068901,Mathematics,Homeless,Homeless,116,56,40,45,116,56,40,45,116,57,41,43
068901,Mathematics,In Foster Care,In Foster Care,8,8,7,8,NA,NA,NA,NA,8,7,7,6
070912,Emergent Literacy Reading,Race/Ethnicity,Black or African American,74,58,21,45,74,58,NA,45,75,57,21,46
070912,Emergent Literacy Reading,Race/Ethnicity,Hispanic/Latino,161,133,25,113,161,133,25,113,162,135,26,113
070912,Emergent Literacy Reading,Race/Ethnicity,Other,22,17,6,13,22,17,NA,13,24,17,7,12
070912,Emergent Literacy Reading,Race/Ethnicity,White,76,62,22,49,76,62,22,49,76,63,22,50
070912,Emergent Literacy Reading,Homeless,Homeless,11,6,1,5,11,NA,NA,NA,13,7,1,7
070912,Emergent Literacy Reading,In Foster Care,In Foster Care,6,2,0,1,NA,NA,NA,NA,6,1,0,1
070912,Emergent Literacy Writing,Race/Ethnicity,Black or African American,74,58,47,48,74,58,47,48,73,57,47,46
070912,Emergent Literacy Writing,Race/Ethnicity,Hispanic/Latino,161,133,107,117,161,133,107,117,161,132,109,117
070912,Emergent Literacy Writing,Race/Ethnicity,Other,22,17,12,15,22,17,12,15,23,16,12,14
070912,Emergent Literacy Writing,Race/Ethnicity,White,76,62,54,53,76,62,54,53,76,62,54,53
070912,Emergent Literacy Writing,Homeless,Homeless,11,6,5,5,11,NA,NA,NA,12,6,6,6
070912,Emergent Literacy Writing,In Foster Care,In Foster Care,6,2,2,2,NA,NA,NA,NA,5,2,2,0
070912,Health and Wellness,Race/Ethnicity,Black or African American,74,58,53,49,74,58,53,49,74,58,53,50
070912,Health and Wellness,Race/Ethnicity,Hispanic/Latino,161,133,116,123,161,133,116,123,159,133,117,119
070912,Health and Wellness,Race/Ethnicity,Other,22,17,17,16,22,17,17,16,23,18,17,17
070912,Health and Wellness,Race/Ethnicity,White,76,62,35,54,76,62,35,54,77,62,35,54
070912,Health and Wellness,Homeless,Homeless,11,6,5,5,11,NA,NA,NA,12,6,6,4
070912,Health and Wellness,In Foster Care,In Foster Care,6,2,2,2,NA,NA,NA,NA,6,1,1,1
070912,Language and Communication,Race/Ethnicity,Black or African American,74,58,25,41,74,58,25,41,74,59,25,41
070912,Language and Communication,Race/Ethnicity,Hispanic/Latino,161,134,60,98,161,134,60,98,163,133,59,100
070912,Language and Communication,Race/Ethnicity,Other,22,17,12,11,22,17,12,11,22,17,13,11
070912,Language and Communication,Race/Ethnicity,White,76,61,39,48,76,61,39,48,77,62,38,48
070912,Language and Communication,Homeless,Homeless,11,6,3,5,11,NA,NA,NA,11,5,4,3
070912,Language and Communication,In Foster Care,In Foster Care,6,2,1,1,NA,NA,NA,NA,6,1,1,1
070912,Mathematics,Race/Ethnicity,Black or African American,74,57,47,47,74,57,47,47,74,56,46,48
070912,Mathematics,Race/Ethnicity,Hispanic/Latino,161,129,90,118,161,129,90,118,161,130,92,118
070912,Mathematics,Race/Ethnicity,Other,22,14,12,14,22,14,12,14,22,14,13,13
070912,Mathematics,Race/Ethnicity,White,76,56,46,31,76,56,46,31,77,56,46,31
070912,Mathematics,Homeless,Homeless,11,6,4,5,11,NA,NA,NA,10,7,5,5
070912,Mathematics,In Foster Care,In Foster Care,6,2,1,2,NA,NA,NA,NA,6,3,2,1
071901,Emergent Literacy Reading,Race/Ethnicity,Black or African American,6,4,4,4,NA,NA,NA,NA,4,4,4,2
071901,Emergent Literacy Reading,Race/Ethnicity,Hispanic/Latino,491,413,164,359,491,413,164,359,491,415,166,358
071901,Emergent Literacy Reading,Race/Ethnicity,Other,5,4,3,3,NA,NA,NA,NA,5,2,2,2
071901,Emergent Literacy Reading,Race/Ethnicity,White,13,13,7,13,13,13,NA,13,13,13,8,13
071901,Emergent Literacy Reading,Homeless,Homeless,5,5,2,4,NA,NA,NA,NA,6,4,0,3
071901,Emergent Literacy Reading,In Foster Care,In Foster Care,3,3,1,3,NA,NA,NA,NA,4,4,0,3
071901,Emergent Literacy Writing,Race/Ethnicity,Black or African American,6,3,3,3,NA,NA,NA,NA,6,2,2,2
071901,Emergent Literacy Writing,Race/Ethnicity,Hispanic/Latino,491,339,304,316,491,339,304,316,492,339,303,317
071901,Emergent Literacy Writing,Race/Ethnicity,Other,5,3,3,3,NA,NA,NA,NA,5,1,1,1
071901,Emergent Literacy Writing,Race/Ethnicity,White,13,11,6,7,13,11,NA,NA,13,10,9,7
071901,Emergent Literacy Writing,Homeless,Homeless,5,4,4,4,NA,NA,NA,NA,5,5,2,3
071901,Emergent Literacy Writing,In Foster Care,In Foster Care,3,3,2,2,NA,NA,NA,NA,4,3,1,2
071901,Health and Wellness,Race/Ethnicity,Black or African American,6,4,4,3,NA,NA,NA,NA,7,5,3,2
071901,Health and Wellness,Race/Ethnicity,Hispanic/Latino,491,405,385,368,491,405,385,368,490,405,384,369
071901,Health and Wellness,Race/Ethnicity,Other,5,4,4,4,NA,NA,NA,NA,4,4,4,4
071901,Health and Wellness,Race/Ethnicity,White,13,12,8,8,13,12,NA,NA,14,12,7,8
071901,Health and Wellness,Homeless,Homeless,10,10,10,4,10,10,10,NA,12,11,11,2
071901,Health and Wellness,In Foster Care,In Foster Care,3,3,3,3,NA,NA,NA,NA,1,1,1,1
071901,Language and Communication,Race/Ethnicity,Black or African American,6,4,1,3,NA,NA,NA,NA,4,4,1,1
071901,Language and Communication,Race/Ethnicity,Hispanic/Latino,491,415,196,251,491,415,196,251,492,414,195,253
071901,Language and Communication,Race/Ethnicity,Other,5,4,2,4,NA,NA,NA,NA,6,3,2,3
071901,Language and Communication,Race/Ethnicity,White,13,13,8,7,13,13,NA,NA,13,12,9,8
071901,Language and Communication,Homeless,Homeless,5,5,2,3,NA,NA,NA,NA,5,5,2,4
071901,Language and Communication,In Foster Care,In Foster Care,3,3,2,2,NA,NA,NA,NA,6,3,3,1
071901,Mathematics,Race/Ethnicity,Black or African American,6,4,4,3,NA,NA,NA,NA,7,4,3,4
071901,Mathematics,Race/Ethnicity,Hispanic/Latino,491,411,352,368,491,411,352,368,491,410,349,368
071901,Mathematics,Race/Ethnicity,Other,5,4,4,4,NA,NA,NA,NA,6,4,4,2
071901,Mathematics,Race/Ethnicity,White,13,13,9,13,13,13,NA,13,12,12,9,12
071901,Mathematics,Homeless,Homeless,5,5,4,4,NA,NA,NA,NA,4,4,4,4
071901,Mathematics,In Foster Care,In Foster Care,3,3,3,3,NA,NA,NA,NA,1,1,1,0
071905,Emergent Literacy Reading,Race/Ethnicity,Black or African American,9,5,2,5,NA,NA,NA,NA,12,5,2,5
071905,Emergent Literacy Reading,Race/Ethnicity,Hispanic/Latino,1219,1077,433,1013,1219,1077,433,1013,1218,1078,432,1014
071905,Emergent Literacy Reading,Race/Ethnicity,Other,22,2,1,1,22,NA,NA,NA,23,1,1,1
071905,Emergent Literacy Reading,Race/Ethnicity,White,10,6,3,6,NA,NA,NA,NA,9,5,4,5
071905,Emergent Literacy Reading,Homeless,Homeless,21,10,4,10,21,10,NA,10,21,10,6,10
071905,Emergent Literacy Reading,In Foster Care,In Foster Care,8,8,3,7,NA,NA,NA,NA,7,7,2,7
071905,Emergent Literacy Writing,Race/Ethnicity,Black or African American,9,2,2,2,NA,NA,NA,NA,8,4,3,1
071905,Emergent Literacy Writing,Race/Ethnicity,Hispanic/Latino,1219,1003,943,966,1219,1003,943,966,1218,1000,944,965
071905,Emergent Literacy Writing,Race/Ethnicity,Other,22,3,3,2,22,NA,NA,NA,23,3,2,0
071905,Emergent Literacy Writing,Race/Ethnicity,White,10,5,5,5,NA,NA,NA,NA,10,5,5,5
071905,Emergent Literacy Writing,Homeless,Homeless,21,9,9,9,21,NA,NA,NA,22,9,9,9
071905,Emergent Literacy Writing,In Foster Care,In Foster Care,7,7,7,7,NA,NA,NA,NA,8,6,6,6
071905,Health and Wellness,Race/Ethnicity,Black or African American,9,3,2,2,NA,NA,NA,NA,10,3,2,3
071905,Health and Wellness,Race/Ethnicity,Hispanic/Latino,1219,1013,994,936,1219,1013,994,936,1219,1013,996,936
071905,Health and Wellness,Race/Ethnicity,Other,22,3,3,3,22,NA,NA,NA,21,2,2,2
071905,Health and Wellness,Race/Ethnicity,White,10,5,5,5,NA,NA,NA,NA,9,5,5,5
071905,Health and Wellness,Homeless,Homeless,21,10,10,10,21,10,10,10,22,9,9,9
071905,Health and Wellness,In Foster Care,In Foster Care,7,7,7,6,NA,NA,NA,NA,8,8,7,5
071905,Language and Communication,Race/Ethnicity,Black or African American,9,5,5,5,NA,NA,NA,NA,8,6,4,6
071905,Language and Communication,Race/Ethnicity,Hispanic/Latino,1219,1076,561,922,1219,1076,561,922,1219,1076,562,921
071905,Language and Communication,Race/Ethnicity,Other,22,2,2,2,22,NA,NA,NA,22,4,2,2
071905,Language and Communication,Race/Ethnicity,White,10,6,5,6,NA,NA,NA,NA,8,5,4,5
071905,Language and Communication,Homeless,Homeless,21,10,5,10,21,10,NA,10,20,10,3,10
071905,Language and Communication,In Foster Care,In Foster Care,8,8,4,7,NA,NA,NA,NA,9,8,4,7
071905,Mathematics,Race/Ethnicity,Black or African American,9,5,5,5,NA,NA,NA,NA,9,6,5,4
071905,Mathematics,Race/Ethnicity,Hispanic/Latino,1219,1074,960,1052,1219,1074,960,1052,1220,1075,960,1052
071905,Mathematics,Race/Ethnicity,Other,22,2,2,2,22,NA,NA,NA,23,2,2,2
071905,Mathematics,Race/Ethnicity,White,10,6,4,6,NA,NA,NA,NA,9,4,4,4
071905,Mathematics,Homeless,Homeless,21,10,10,10,21,10,10,10,21,11,9,11
071905,Mathematics,In Foster Care,In Foster Care,8,8,7,8,NA,NA,NA,NA,6,6,6,6
079901,Emergent Literacy Reading,Race/Ethnicity,Black or African American,462,389,298,359,462,389,298,359,463,390,299,358
079901,Emergent Literacy Reading,Race/Ethnicity,Hispanic/Latino,714,610,273,525,714,610,273,525,714,611,271,524
079901,Emergent Literacy Reading,Race/Ethnicity,Other,389,329,241,311,389,329,241,311,390,328,241,312
079901,Emergent Literacy Reading,Race/Ethnicity,White,182,141,85,124,182,141,85,124,182,140,85,123
079901,Emergent Literacy Reading,Homeless,Homeless,24,11,5,11,24,11,NA,11,23,10,6,10
079901,Emergent Literacy Reading,In Foster Care,In Foster Care,9,6,4,5,NA,NA,NA,NA,8,7,4,5
079901,Emergent Literacy Writing,Race/Ethnicity,Black or African American,462,387,371,367,462,387,371,367,464,386,371,367
079901,Emergent Literacy Writing,Race/Ethnicity,Hispanic/Latino,714,608,546,541,714,608,546,541,713,610,546,541
079901,Emergent Literacy Writing,Race/Ethnicity,Other,389,326,306,304,389,326,306,304,388,325,308,304
079901,Emergent Literacy Writing,Race/Ethnicity,White,182,140,130,128,182,140,130,128,180,138,130,130
079901,Emergent Literacy Writing,Homeless,Homeless,24,11,11,11,24,11,11,11,23,10,10,10
079901,Emergent Literacy Writing,In Foster Care,In Foster Care,9,6,6,5,NA,NA,NA,NA,9,6,6,6
079901,Health and Wellness,Race/Ethnicity,Black or African American,462,386,366,355,462,386,366,355,464,385,367,355
079901,Health and Wellness,Race/Ethnicity,Hispanic/Latino,714,608,598,559,714,608,598,559,715,607,597,558
079901,Health and Wellness,Race/Ethnicity,Other,389,325,320,308,389,325,320,308,391,325,320,307
079901,Health and Wellness,Race/Ethnicity,White,182,140,140,129,182,140,140,129,184,139,139,129
079901,Health and Wellness,Homeless,Homeless,24,11,11,11,24,11,11,11,24,11,11,10
079901,Health and Wellness,In Foster Care,In Foster Care,9,6,6,5,NA,NA,NA,NA,10,5,4,3
079901,Language and Communication,Race/Ethnicity,Black or African American,462,389,203,305,462,389,203,305,462,389,202,304
079901,Language and Communication,Race/Ethnicity,Hispanic/Latino,714,609,344,432,714,609,344,432,713,611,346,433
079901,Language and Communication,Race/Ethnicity,Other,389,329,148,234,389,329,148,234,389,329,148,234
079901,Language and Communication,Race/Ethnicity,White,182,141,62,95,182,141,62,95,181,140,62,95
079901,Language and Communication,Homeless,Homeless,24,11,11,11,24,11,11,11,25,13,12,12
079901,Language and Communication,In Foster Care,In Foster Care,9,6,3,4,NA,NA,NA,NA,10,7,4,5
079901,Mathematics,Race/Ethnicity,Black or African American,462,389,355,374,462,389,355,374,462,387,354,378
079901,Mathematics,Race/Ethnicity,Hispanic/Latino,714,608,526,564,714,608,526,564,715,609,528,564
079901,Mathematics,Race/Ethnicity,Other,389,329,298,314,389,329,298,314,389,329,299,314
079901,Mathematics,Race/Ethnicity,White,182,141,120,136,182,141,120,136,181,140,121,137
079901,Mathematics,Homeless,Homeless,24,11,11,11,24,11,11,11,24,10,10,10
079901,Mathematics,In Foster Care,In Foster Care,9,6,6,5,NA,NA,NA,NA,9,9,5,4
079907,Emergent Literacy Reading,Race/Ethnicity,Black or African American,680,524,355,462,680,524,355,462,679,524,355,461
079907,Emergent Literacy Reading,Race/Ethnicity,Hispanic/Latino,738,605,206,518,738,605,206,518,738,605,206,517
079907,Emergent Literacy Reading,Race/Ethnicity,Other,772,649,466,611,772,649,466,611,773,649,466,612
079907,Emergent Literacy Reading,Race/Ethnicity,White,175,141,82,130,175,141,82,130,175,141,83,128
079907,Emergent Literacy Reading,Homeless,Homeless,44,28,14,22,44,28,14,22,43,28,14,22
079907,Emergent Literacy Reading,In Foster Care,In Foster Care,15,6,5,6,15,NA,NA,NA,16,8,4,5
079907,Emergent Literacy Writing,Race/Ethnicity,Black or African American,680,510,485,469,680,510,485,469,680,511,484,469
079907,Emergent Literacy Writing,Race/Ethnicity,Hispanic/Latino,738,607,528,562,738,607,528,562,738,606,527,563
079907,Emergent Literacy Writing,Race/Ethnicity,Other,772,634,612,608,772,634,612,608,773,635,612,608
079907,Emergent Literacy Writing,Race/Ethnicity,White,175,138,130,128,175,138,130,128,175,137,131,127
079907,Emergent Literacy Writing,Homeless,Homeless,44,27,27,27,44,27,27,27,43,27,26,27
079907,Emergent Literacy Writing,In Foster Care,In Foster Care,15,6,6,6,15,NA,NA,NA,16,7,6,4
079907,Health and Wellness,Race/Ethnicity,Black or African American,680,508,502,444,680,508,502,444,681,507,501,446
079907,Health and Wellness,Race/Ethnicity,Hispanic/Latino,738,605,592,558,738,605,592,558,736,605,592,559
079907,Health and Wellness,Race/Ethnicity,Other,772,621,422,578,772,621,422,578,773,623,423,578
079907,Health and Wellness,Race/Ethnicity,White,175,135,135,122,175,135,135,122,175,135,135,121
079907,Health and Wellness,Homeless,Homeless,44,27,27,27,44,27,27,27,42,27,26,27
079907,Health and Wellness,In Foster Care,In Foster Care,15,5,5,5,15,NA,NA,NA,17,6,4,6
079907,Language and Communication,Race/Ethnicity,Black or African American,680,523,266,395,680,523,266,395,680,523,267,394
079907,Language and Communication,Race/Ethnicity,Hispanic/Latino,738,605,277,411,738,605,277,411,738,606,277,409
079907,Language and Communication,Race/Ethnicity,Other,772,649,268,456,772,649,268,456,773,650,267,458
079907,Language and Communication,Race/Ethnicity,White,175,141,68,102,175,141,68,102,176,141,69,101
079907,Language and Communication,Homeless,Homeless,44,28,15,21,44,28,15,21,44,28,15,21
079907,Language and Communication,In Foster Care,In Foster Care,15,6,4,5,15,NA,NA,NA,15,7,5,6
079907,Mathematics,Race/Ethnicity,Black or African American,680,517,473,490,680,517,473,490,681,518,473,491
079907,Mathematics,Race/Ethnicity,Hispanic/Latino,738,598,504,571,738,598,504,571,738,597,503,571
079907,Mathematics,Race/Ethnicity,Other,772,641,592,618,772,641,592,618,774,641,590,616
079907,Mathematics,Race/Ethnicity,White,175,139,123,133,175,139,123,133,175,139,122,133
079907,Mathematics,Homeless,Homeless,44,26,26,26,44,26,26,26,44,25,22,25
079907,Mathematics,In Foster Care,In Foster Care,15,6,6,6,15,NA,NA,NA,15,5,5,5
084901,Emergent Literacy Reading,Race/Ethnicity,Black or African American,46,39,23,36,46,39,23,36,46,38,22,36
084901,Emergent Literacy Reading,Race/Ethnicity,Hispanic/Latino,305,239,83,210,305,239,83,210,305,239,84,210
084901,Emergent Literacy Reading,Race/Ethnicity,Other,27,22,12,21,27,22,12,21,28,21,11,21
084901,Emergent Literacy Reading,Race/Ethnicity,White,95,76,34,64,95,76,34,64,94,76,34,62
084901,Emergent Literacy Reading,Homeless,Homeless,16,8,4,8,16,NA,NA,NA,17,7,4,7
084901,Emergent Literacy Reading,In Foster Care,In Foster Care,5,2,1,1,NA,NA,NA,NA,5,2,0,1
084901,Emergent Literacy Writing,Race/Ethnicity,Black or African American,46,38,35,38,46,38,35,38,46,39,34,38
084901,Emergent Literacy Writing,Race/Ethnicity,Hispanic/Latino,305,237,188,215,305,237,188,215,306,237,190,216
084901,Emergent Literacy Writing,Race/Ethnicity,Other,27,23,20,23,27,23,20,23,26,21,18,21
084901,Emergent Literacy Writing,Race/Ethnicity,White,95,74,67,27,95,74,67,27,96,73,65,29
084901,Emergent Literacy Writing,Homeless,Homeless,16,8,8,8,16,NA,NA,NA,16,9,9,9
084901,Emergent Literacy Writing,In Foster Care,In Foster Care,5,2,1,1,NA,NA,NA,NA,5,1,1,0
084901,Health and Wellness,Race/Ethnicity,Black or African American,46,38,38,34,46,38,38,34,46,37,37,34
084901,Health and Wellness,Race/Ethnicity,Hispanic/Latino,305,238,223,201,305,238,223,201,306,240,223,202
084901,Health and Wellness,Race/Ethnicity,Other,27,23,23,20,27,23,23,20,27,24,23,19
084901,Health and Wellness,Race/Ethnicity,White,95,73,27,64,95,73,27,64,94,74,26,65
084901,Health and Wellness,Homeless,Homeless,16,8,8,8,16,NA,NA,NA,18,10,8,9
084901,Health and Wellness,In Foster Care,In Foster Care,5,2,1,1,NA,NA,NA,NA,5,2,0,0
084901,Language and Communication,Race/Ethnicity,Black or African American,46,39,13,20,46,39,13,20,45,40,14,20
084901,Language and Communication,Race/Ethnicity,Hispanic/Latino,305,241,120,134,305,241,120,134,305,240,120,133
084901,Language and Communication,Race/Ethnicity,Other,27,22,11,13,27,22,11,13,28,20,11,13
084901,Language and Communication,Race/Ethnicity,White,95,75,45,51,95,75,45,51,95,74,46,52
084901,Language and Communication,Homeless,Homeless,16,8,5,6,16,NA,NA,NA,14,7,6,7
084901,Language and Communication,In Foster Care,In Foster Care,5,2,1,1,NA,NA,NA,NA,5,4,1,3
084901,Mathematics,Race/Ethnicity,Black or African American,46,38,34,35,46,38,34,35,48,39,36,37
084901,Mathematics,Race/Ethnicity,Hispanic/Latino,305,240,179,221,305,240,179,221,306,239,179,221
084901,Mathematics,Race/Ethnicity,Other,27,22,19,20,27,22,19,20,27,21,19,20
084901,Mathematics,Race/Ethnicity,White,95,75,63,65,95,75,63,65,96,75,65,65
084901,Mathematics,Homeless,Homeless,16,8,8,8,16,NA,NA,NA,17,9,8,8
084901,Mathematics,In Foster Care,In Foster Care,5,2,1,1,NA,NA,NA,NA,6,1,1,1
084902,Emergent Literacy Reading,Race/Ethnicity,Black or African American,74,57,48,52,74,57,48,52,72,56,47,53
084902,Emergent Literacy Reading,Race/Ethnicity,Hispanic/Latino,186,157,127,150,186,157,127,150,186,157,126,151
084902,Emergent Literacy Reading,Race/Ethnicity,Other,19,18,18,18,19,18,18,18,18,18,16,17
084902,Emergent Literacy Reading,Race/Ethnicity,White,45,36,18,22,45,36,18,22,46,36,18,22
084902,Emergent Literacy Reading,Homeless,Homeless,32,18,6,7,32,18,NA,NA,34,17,6,8
084902,Emergent Literacy Reading,In Foster Care,In Foster Care,2,1,1,1,NA,NA,NA,NA,1,1,0,0
084902,Emergent Literacy Writing,Race/Ethnicity,Black or African American,74,57,57,49,74,57,57,49,73,56,56,51
084902,Emergent Literacy Writing,Race/Ethnicity,Hispanic/Latino,186,158,158,144,186,158,158,144,185,157,157,143
084902,Emergent Literacy Writing,Race/Ethnicity,Other,19,18,18,18,19,18,18,18,20,19,19,19
084902,Emergent Literacy Writing,Race/Ethnicity,White,45,36,36,36,45,36,36,36,45,37,36,36
084902,Emergent Literacy Writing,Homeless,Homeless,32,18,18,7,32,18,18,NA,32,18,18,8
084902,Emergent Literacy Writing,In Foster Care,In Foster Care,2,1,1,1,NA,NA,NA,NA,4,3,1,0
084902,Health and Wellness,Race/Ethnicity,Black or African American,74,57,57,50,74,57,57,50,73,58,57,49
084902,Health and Wellness,Race/Ethnicity,Hispanic/Latino,186,158,158,149,186,158,158,149,185,156,156,148
084902,Health and Wellness,Race/Ethnicity,Other,19,18,18,18,19,18,18,18,19,17,17,17
084902,Health and Wellness,Race/Ethnicity,White,45,36,36,22,45,36,36,22,45,36,36,21
084902,Health and Wellness,Homeless,Homeless,32,18,18,7,32,18,18,NA,32,19,19,8
084902,Health and Wellness,In Foster Care,In Foster Care,2,1,1,1,NA,NA,NA,NA,3,1,1,1
084902,Language and Communication,Race/Ethnicity,Black or African American,74,57,33,47,74,57,33,47,76,57,34,47
084902,Language and Communication,Race/Ethnicity,Hispanic/Latino,186,157,66,137,186,157,66,137,186,157,65,138
084902,Language and Communication,Race/Ethnicity,Other,19,18,10,16,19,18,10,16,19,18,9,13
084902,Language and Communication,Race/Ethnicity,White,45,36,25,31,45,36,25,31,46,37,25,30
084902,Language and Communication,Homeless,Homeless,32,18,8,13,32,18,NA,13,32,20,8,14
084902,Language and Communication,In Foster Care,In Foster Care,2,1,1,1,NA,NA,NA,NA,2,2,1,0
084902,Mathematics,Race/Ethnicity,Black or African American,74,57,44,50,74,57,44,50,72,58,44,48
084902,Mathematics,Race/Ethnicity,Hispanic/Latino,186,157,132,151,186,157,132,151,188,157,131,152
084902,Mathematics,Race/Ethnicity,Other,19,18,18,18,19,18,18,18,16,16,16,16
084902,Mathematics,Race/Ethnicity,White,45,36,22,23,45,36,22,23,46,36,22,22
084902,Mathematics,Homeless,Homeless,32,18,13,7,32,18,13,NA,31,16,13,6
084902,Mathematics,In Foster Care,In Foster Care,2,1,1,1,NA,NA,NA,NA,1,1,1,1
084910,Emergent Literacy Reading,Race/Ethnicity,Black or African American,126,86,42,66,126,86,42,66,126,85,42,66
084910,Emergent Literacy Reading,Race/Ethnicity,Hispanic/Latino,489,396,145,336,489,396,145,336,490,396,146,337
084910,Emergent Literacy Reading,Race/Ethnicity,Other,176,142,100,131,176,142,100,131,174,141,98,131
084910,Emergent Literacy Reading,Race/Ethnicity,White,330,280,144,245,330,280,144,245,331,278,144,245
084910,Emergent Literacy Reading,Homeless,Homeless,70,29,10,23,70,29,10,23,70,29,9,24
084910,Emergent Literacy Reading,In Foster Care,In Foster Care,12,8,2,3,12,NA,NA,NA,13,10,1,4
084910,Emergent Literacy Writing,Race/Ethnicity,Black or African American,126,72,61,63,126,72,61,63,127,72,61,63
084910,Emergent Literacy Writing,Race/Ethnicity,Hispanic/Latino,489,334,281,306,489,334,281,306,490,334,281,306
084910,Emergent Literacy Writing,Race/Ethnicity,Other,176,127,119,123,176,127,119,123,175,127,119,121
084910,Emergent Literacy Writing,Race/Ethnicity,White,330,230,210,220,330,230,210,220,329,231,210,220
084910,Emergent Literacy Writing,Homeless,Homeless,70,20,19,19,70,20,19,19,69,20,18,17
084910,Emergent Literacy Writing,In Foster Care,In Foster Care,12,7,3,3,12,NA,NA,NA,14,7,3,3
084910,Health and Wellness,Race/Ethnicity,Black or African American,126,85,85,59,126,85,85,59,126,86,84,59
084910,Health and Wellness,Race/Ethnicity,Hispanic/Latino,489,352,346,325,489,352,346,325,489,350,346,326
084910,Health and Wellness,Race/Ethnicity,Other,176,132,128,121,176,132,128,121,176,132,128,120
084910,Health and Wellness,Race/Ethnicity,White,330,250,99,231,330,250,99,231,330,251,98,231
084910,Health and Wellness,Homeless,Homeless,70,28,22,20,70,28,22,20,69,26,22,21
084910,Health and Wellness,In Foster Care,In Foster Care,12,8,8,3,12,NA,NA,NA,10,8,8,4
084910,Language and Communication,Race/Ethnicity,Black or African American,126,85,24,57,126,85,24,57,125,85,23,56
084910,Language and Communication,Race/Ethnicity,Hispanic/Latino,489,396,205,234,489,396,205,234,489,395,204,235
084910,Language and Communication,Race/Ethnicity,Other,176,141,59,95,176,141,59,95,176,140,60,96
084910,Language and Communication,Race/Ethnicity,White,330,278,166,224,330,278,166,224,330,278,167,224
084910,Language and Communication,Homeless,Homeless,70,29,15,18,70,29,15,18,69,30,17,18
084910,Language and Communication,In Foster Care,In Foster Care,12,8,2,2,12,NA,NA,NA,12,5,2,2
084910,Mathematics,Race/Ethnicity,Black or African American,126,85,70,70,126,85,70,70,125,88,69,70
084910,Mathematics,Race/Ethnicity,Hispanic/Latino,489,386,301,340,489,386,301,340,490,386,302,339
084910,Mathematics,Race/Ethnicity,Other,176,144,132,136,176,144,132,136,176,141,132,136
084910,Mathematics,Race/Ethnicity,White,330,281,252,266,330,281,252,266,328,280,251,266
084910,Mathematics,Homeless,Homeless,70,29,24,23,70,29,24,23,70,29,23,23
084910,Mathematics,In Foster Care,In Foster Care,12,8,3,3,12,NA,NA,NA,13,9,2,3
093904,Emergent Literacy Reading,Race/Ethnicity,Black or African American,28,22,9,17,28,NA,NA,NA,29,22,9,16
093904,Emergent Literacy Reading,Race/Ethnicity,Hispanic/Latino,101,92,28,71,101,92,28,71,101,92,28,72
093904,Emergent Literacy Reading,Race/Ethnicity,Other,10,5,3,5,10,NA,NA,NA,12,5,4,5
093904,Emergent Literacy Reading,Race/Ethnicity,White,31,25,5,19,31,25,NA,19,31,24,5,20
093904,Emergent Literacy Reading,Homeless,Homeless,7,5,1,5,NA,NA,NA,NA,9,6,0,4
093904,Emergent Literacy Reading,In Foster Care,In Foster Care,2,1,0,1,NA,NA,NA,NA,1,1,1,0
093904,Emergent Literacy Writing,Race/Ethnicity,Black or African American,28,22,15,12,28,NA,NA,NA,30,21,16,12
093904,Emergent Literacy Writing,Race/Ethnicity,Hispanic/Latino,101,93,82,88,101,93,82,88,101,92,81,88
093904,Emergent Literacy Writing,Race/Ethnicity,Other,10,5,5,5,10,NA,NA,NA,10,5,4,5
093904,Emergent Literacy Writing,Race/Ethnicity,White,31,25,25,25,31,25,25,25,31,23,23,23
093904,Emergent Literacy Writing,Homeless,Homeless,7,5,5,5,NA,NA,NA,NA,6,5,5,5
093904,Emergent Literacy Writing,In Foster Care,In Foster Care,2,1,1,1,NA,NA,NA,NA,1,1,0,1
093904,Health and Wellness,Race/Ethnicity,Black or African American,28,22,16,18,28,NA,NA,NA,27,22,17,18
093904,Health and Wellness,Race/Ethnicity,Hispanic/Latino,101,92,71,86,101,92,71,86,102,92,72,87
093904,Health and Wellness,Race/Ethnicity,Other,10,5,5,5,10,NA,NA,NA,9,5,5,5
093904,Health and Wellness,Race/Ethnicity,White,31,25,25,25,31,25,25,25,31,25,24,25
093904,Health and Wellness,Homeless,Homeless,7,5,5,5,NA,NA,NA,NA,8,4,4,4
093904,Health and Wellness,In Foster Care,In Foster Care,2,1,1,1,NA,NA,NA,NA,2,2,1,2
093904,Language and Communication,Race/Ethnicity,Black or African American,28,22,7,10,28,NA,NA,NA,28,23,7,9
093904,Language and Communication,Race/Ethnicity,Hispanic/Latino,101,92,27,52,101,92,27,52,99,92,26,53
093904,Language and Communication,Race/Ethnicity,Other,10,5,3,5,10,NA,NA,NA,10,7,4,6
093904,Language and Communication,Race/Ethnicity,White,31,25,10,25,31,25,10,25,31,25,9,25
093904,Language and Communication,Homeless,Homeless,7,5,1,2,NA,NA,NA,NA,8,3,0,3
093904,Language and Communication,In Foster Care,In Foster Care,2,1,0,1,NA,NA,NA,NA,2,1,0,1
093904,Mathematics,Race/Ethnicity,Black or African American,28,22,17,12,28,NA,NA,NA,28,22,18,10
093904,Mathematics,Race/Ethnicity,Hispanic/Latino,101,93,59,81,101,93,59,81,102,92,59,81
093904,Mathematics,Race/Ethnicity,Other,10,5,4,5,10,NA,NA,NA,12,5,3,5
093904,Mathematics,Race/Ethnicity,White,31,25,23,25,31,25,23,25,31,26,23,25
093904,Mathematics,Homeless,Homeless,7,5,5,5,NA,NA,NA,NA,5,4,4,4
093904,Mathematics,In Foster Care,In Foster Care,2,1,1,1,NA,NA,NA,NA,3,1,1,1
094901,Emergent Literacy Reading,Race/Ethnicity,Black or African American,9,8,3,7,NA,NA,NA,NA,9,6,3,6
094901,Emergent Literacy Reading,Race/Ethnicity,Hispanic/Latino,276,239,76,190,276,239,76,190,277,238,78,190
094901,Emergent Literacy Reading,Race/Ethnicity,Other,11,11,3,6,NA,NA,NA,NA,12,12,4,5
094901,Emergent Literacy Reading,Race/Ethnicity,White,57,48,16,34,57,48,16,34,56,49,14,34
094901,Emergent Literacy Reading,Homeless,Homeless,9,5,3,5,NA,NA,NA,NA,8,4,2,4
094901,Emergent Literacy Reading,In Foster Care,In Foster Care,4,3,1,2,NA,NA,NA,NA,3,3,1,2
094901,Emergent Literacy Writing,Race/Ethnicity,Black or African American,9,8,8,8,NA,NA,NA,NA,9,8,8,8
094901,Emergent Literacy Writing,Race/Ethnicity,Hispanic/Latino,276,225,202,208,276,225,202,208,276,227,204,207
094901,Emergent Literacy Writing,Race/Ethnicity,Other,11,10,10,10,NA,NA,NA,NA,11,10,8,10
094901,Emergent Literacy Writing,Race/Ethnicity,White,57,45,24,25,57,45,24,25,56,45,22,25
094901,Emergent Literacy Writing,Homeless,Homeless,9,5,5,5,NA,NA,NA,NA,9,6,5,5
094901,Emergent Literacy Writing,In Foster Care,In Foster Care,4,3,2,2,NA,NA,NA,NA,4,2,1,0
094901,Health and Wellness,Race/Ethnicity,Black or African American,9,8,8,8,NA,NA,NA,NA,10,8,8,7
094901,Health and Wellness,Race/Ethnicity,Hispanic/Latino,276,225,223,209,276,225,223,209,277,225,223,210
094901,Health and Wellness,Race/Ethnicity,Other,11,10,10,10,NA,NA,NA,NA,10,10,10,9
094901,Health and Wellness,Race/Ethnicity,White,57,45,29,24,57,45,29,24,57,45,30,24
094901,Health and Wellness,Homeless,Homeless,9,5,5,5,NA,NA,NA,NA,10,3,3,3
094901,Health and Wellness,In Foster Care,In Foster Care,4,3,2,2,NA,NA,NA,NA,4,4,3,1
094901,Language and Communication,Race/Ethnicity,Black or African American,9,8,3,6,NA,NA,NA,NA,8,8,4,5
094901,Language and Communication,Race/Ethnicity,Hispanic/Latino,276,239,121,183,276,239,121,183,274,238,121,184
094901,Language and Communication,Race/Ethnicity,Other,11,11,3,5,NA,NA,NA,NA,12,11,2,6
094901,Language and Communication,Race/Ethnicity,White,57,48,31,39,57,48,31,39,56,48,33,39
094901,Language and Communication,Homeless,Homeless,9,5,5,5,NA,NA,NA,NA,10,5,5,5
094901,Language and Communication,In Foster Care,In Foster Care,4,3,1,2,NA,NA,NA,NA,5,4,0,2
094901,Mathematics,Race/Ethnicity,Black or African American,9,8,7,8,NA,NA,NA,NA,8,8,7,8
094901,Mathematics,Race/Ethnicity,Hispanic/Latino,276,235,198,221,276,235,198,221,276,235,200,221
094901,Mathematics,Race/Ethnicity,Other,11,11,6,11,NA,NA,NA,NA,11,11,7,10
094901,Mathematics,Race/Ethnicity,White,57,47,40,26,57,47,40,26,55,48,39,25
094901,Mathematics,Homeless,Homeless,9,5,5,5,NA,NA,NA,NA,8,5,5,3
094901,Mathematics,In Foster Care,In Foster Care,4,3,2,3,NA,NA,NA,NA,3,3,3,3
094902,Emergent Literacy Reading,Race/Ethnicity,Black or African American,64,50,29,41,64,50,29,41,62,52,31,40
094902,Emergent Literacy Reading,Race/Ethnicity,Hispanic/Latino,204,171,68,138,204,171,68,138,203,170,69,138
094902,Emergent Literacy Reading,Race/Ethnicity,Other,37,35,22,30,37,35,22,30,38,35,21,29
094902,Emergent Literacy Reading,Race/Ethnicity,White,88,68,38,56,88,68,38,56,90,68,38,57
094902,Emergent Literacy Reading,Homeless,Homeless,9,7,4,7,NA,NA,NA,NA,8,8,3,8
094902,Emergent Literacy Reading,In Foster Care,In Foster Care,7,3,2,2,NA,NA,NA,NA,7,2,2,2
094902,Emergent Literacy Writing,Race/Ethnicity,Black or African American,64,50,42,40,64,50,42,40,65,49,41,39
094902,Emergent Literacy Writing,Race/Ethnicity,Hispanic/Latino,204,156,140,135,204,156,140,135,204,157,140,136
094902,Emergent Literacy Writing,Race/Ethnicity,Other,37,35,35,35,37,35,35,35,38,36,35,36
094902,Emergent Literacy Writing,Race/Ethnicity,White,88,67,65,61,88,67,65,61,90,68,64,60
094902,Emergent Literacy Writing,Homeless,Homeless,9,7,7,7,NA,NA,NA,NA,9,6,6,6
094902,Emergent Literacy Writing,In Foster Care,In Foster Care,7,3,2,2,NA,NA,NA,NA,6,3,3,3
094902,Health and Wellness,Race/Ethnicity,Black or African American,64,50,43,44,64,50,43,44,65,50,44,44
094902,Health and Wellness,Race/Ethnicity,Hispanic/Latino,204,158,150,143,204,158,150,143,204,158,149,143
094902,Health and Wellness,Race/Ethnicity,Other,37,35,35,31,37,35,35,31,40,36,36,32
094902,Health and Wellness,Race/Ethnicity,White,88,67,67,61,88,67,67,61,86,66,66,62
094902,Health and Wellness,Homeless,Homeless,9,6,6,6,NA,NA,NA,NA,10,5,5,5
094902,Health and Wellness,In Foster Care,In Foster Care,7,3,3,2,NA,NA,NA,NA,8,4,3,4
094902,Language and Communication,Race/Ethnicity,Black or African American,64,50,32,41,64,50,32,41,63,51,32,43
094902,Language and Communication,Race/Ethnicity,Hispanic/Latino,204,170,101,131,204,170,101,131,204,171,103,133
094902,Language and Communication,Race/Ethnicity,Other,37,35,21,22,37,35,21,22,37,36,20,22
094902,Language and Communication,Race/Ethnicity,White,88,68,51,55,88,68,51,55,88,71,52,55
094902,Language and Communication,Homeless,Homeless,9,7,6,7,NA,NA,NA,NA,10,6,6,6
094902,Language and Communication,In Foster Care,In Foster Care,7,3,2,2,NA,NA,NA,NA,6,5,2,3
094902,Mathematics,Race/Ethnicity,Black or African American,64,50,41,42,64,50,41,42,64,51,40,41
094902,Mathematics,Race/Ethnicity,Hispanic/Latino,204,170,138,152,204,170,138,152,202,169,137,152
094902,Mathematics,Race/Ethnicity,Other,37,35,35,35,37,35,35,35,37,34,34,34
094902,Mathematics,Race/Ethnicity,White,88,67,65,66,88,67,65,66,87,67,65,66
094902,Mathematics,Homeless,Homeless,9,7,7,7,NA,NA,NA,NA,9,4,4,4
094902,Mathematics,In Foster Care,In Foster Care,7,3,3,3,NA,NA,NA,NA,8,3,0,2
101902,Emergent Literacy Reading,Race/Ethnicity,Black or African American,661,467,228,414,661,467,228,414,662,467,228,413
101902,Emergent Literacy Reading,Race/Ethnicity,Hispanic/Latino,2245,1882,296,1758,2245,1882,296,1758,2246,1882,298,1759
101902,Emergent Literacy Reading,Race/Ethnicity,Other,88,65,32,62,88,65,32,62,89,65,31,61
101902,Emergent Literacy Reading,Race/Ethnicity,White,66,46,11,45,66,46,11,45,66,46,10,46
101902,Emergent Literacy Reading,Homeless,Homeless,31,14,14,14,31,14,14,14,32,13,13,13
101902,Emergent Literacy Reading,In Foster Care,In Foster Care,18,9,3,9,18,NA,NA,NA,16,12,4,9
101902,Emergent Literacy Writing,Race/Ethnicity,Black or African American,661,442,351,407,661,442,351,407,661,442,351,408
101902,Emergent Literacy Writing,Race/Ethnicity,Hispanic/Latino,2245,1845,1374,1746,2245,1845,1374,1746,2245,1846,1374,1745
101902,Emergent Literacy Writing,Race/Ethnicity,Other,88,53,43,51,88,53,43,51,89,52,45,51
101902,Emergent Literacy Writing,Race/Ethnicity,White,66,43,32,39,66,43,32,39,65,43,32,39
101902,Emergent Literacy Writing,Homeless,Homeless,31,12,12,12,31,12,12,12,32,12,12,12
101902,Emergent Literacy Writing,In Foster Care,In Foster Care,18,8,8,8,18,NA,NA,NA,17,9,9,7
101902,Health and Wellness,Race/Ethnicity,Black or African American,661,443,379,396,661,443,379,396,661,441,378,398
101902,Health and Wellness,Race/Ethnicity,Hispanic/Latino,2245,1843,1663,1755,2245,1843,1663,1755,2244,1842,1665,1755
101902,Health and Wellness,Race/Ethnicity,Other,88,63,57,54,88,63,57,54,87,62,58,55
101902,Health and Wellness,Race/Ethnicity,White,66,44,44,41,66,44,44,41,64,43,43,41
101902,Health and Wellness,Homeless,Homeless,31,12,12,12,31,12,12,12,32,12,12,12
101902,Health and Wellness,In Foster Care,In Foster Care,18,8,8,8,18,NA,NA,NA,17,7,6,7
101902,Language and Communication,Race/Ethnicity,Black or African American,661,462,168,387,661,462,168,387,661,462,169,387
101902,Language and Communication,Race/Ethnicity,Hispanic/Latino,2245,1877,823,1583,2245,1877,823,1583,2245,1877,822,1585
101902,Language and Communication,Race/Ethnicity,Other,88,65,22,53,88,65,22,53,86,63,24,53
101902,Language and Communication,Race/Ethnicity,White,66,45,17,40,66,45,17,40,65,47,17,41
101902,Language and Communication,Homeless,Homeless,31,14,14,7,31,14,14,NA,30,14,14,6
101902,Language and Communication,In Foster Care,In Foster Care,18,9,5,8,18,NA,NA,NA,16,9,5,7
101902,Mathematics,Race/Ethnicity,Black or African American,661,470,366,455,661,470,366,455,661,471,366,455
101902,Mathematics,Race/Ethnicity,Hispanic/Latino,2245,1876,1062,1821,2245,1876,1062,1821,2245,1877,1063,1820
101902,Mathematics,Race/Ethnicity,Other,88,67,51,63,88,67,51,63,88,66,50,64
101902,Mathematics,Race/Ethnicity,White,66,45,25,45,66,45,25,45,66,45,24,44
101902,Mathematics,Homeless,Homeless,31,13,8,13,31,13,NA,13,33,12,6,12
101902,Mathematics,In Foster Care,In Foster Care,18,9,6,9,18,NA,NA,NA,19,9,5,9
101903,Emergent Literacy Reading,Race/Ethnicity,Black or African American,390,280,153,239,390,280,153,239,392,281,153,240
101903,Emergent Literacy Reading,Race/Ethnicity,Hispanic/Latino,1200,929,228,807,1200,929,228,807,1200,929,227,806
101903,Emergent Literacy Reading,Race/Ethnicity,Other,170,119,60,108,170,119,60,108,169,119,60,109
101903,Emergent Literacy Reading,Race/Ethnicity,White,77,57,18,46,77,57,18,46,78,59,18,45
101903,Emergent Literacy Reading,Homeless,Homeless,99,66,19,49,99,66,19,49,98,66,19,50
101903,Emergent Literacy Reading,In Foster Care,In Foster Care,11,6,2,5,11,NA,NA,NA,12,4,0,3
101903,Emergent Literacy Writing,Race/Ethnicity,Black or African American,390,277,256,248,390,277,256,248,389,277,256,249
101903,Emergent Literacy Writing,Race/Ethnicity,Hispanic/Latino,1200,933,833,831,1200,933,833,831,1200,933,834,830
101903,Emergent Literacy Writing,Race/Ethnicity,Other,170,118,103,105,170,118,103,105,172,116,103,104
101903,Emergent Literacy Writing,Race/Ethnicity,White,77,56,45,50,77,56,45,50,79,57,47,50
101903,Emergent Literacy Writing,Homeless,Homeless,99,63,58,54,99,63,58,54,98,63,57,55
101903,Emergent Literacy Writing,In Foster Care,In Foster Care,11,6,5,5,11,NA,NA,NA,9,5,4,4
101903,Health and Wellness,Race/Ethnicity,Black or African American,390,276,226,247,390,276,226,247,388,276,227,247
101903,Health and Wellness,Race/Ethnicity,Hispanic/Latino,1200,930,923,862,1200,930,923,862,1201,930,923,863
101903,Health and Wellness,Race/Ethnicity,Other,170,118,118,90,170,118,118,90,168,119,119,89
101903,Health and Wellness,Race/Ethnicity,White,77,56,56,56,77,56,56,56,77,55,55,55
101903,Health and Wellness,Homeless,Homeless,99,62,37,56,99,62,37,56,98,63,37,55
101903,Health and Wellness,In Foster Care,In Foster Care,11,6,6,4,11,NA,NA,NA,12,3,3,3
101903,Language and Communication,Race/Ethnicity,Black or African American,390,281,100,221,390,281,100,221,390,279,98,222
101903,Language and Communication,Race/Ethnicity,Hispanic/Latino,1200,933,538,737,1200,933,538,737,1201,933,538,738
101903,Language and Communication,Race/Ethnicity,Other,170,119,35,89,170,119,35,89,169,119,36,90
101903,Language and Communication,Race/Ethnicity,White,77,57,23,42,77,57,23,42,76,58,25,41
101903,Language and Communication,Homeless,Homeless,99,66,28,51,99,66,28,51,99,67,28,49
101903,Language and Communication,In Foster Care,In Foster Care,11,6,3,4,11,NA,NA,NA,12,5,2,5
101903,Mathematics,Race/Ethnicity,Black or African American,390,276,246,255,390,276,246,255,389,277,247,255
101903,Mathematics,Race/Ethnicity,Hispanic/Latino,1200,924,785,879,1200,924,785,879,1202,923,783,880
101903,Mathematics,Race/Ethnicity,Other,170,118,104,95,170,118,104,95,169,118,106,97
101903,Mathematics,Race/Ethnicity,White,77,56,42,56,77,56,42,56,78,56,41,56
101903,Mathematics,Homeless,Homeless,99,66,52,36,99,66,52,36,100,66,53,38
101903,Mathematics,In Foster Care,In Foster Care,11,6,5,5,11,NA,NA,NA,12,6,5,4
101907,Emergent Literacy Reading,Race/Ethnicity,Black or African American,1001,750,401,658,1001,750,401,658,1001,751,402,657
101907,Emergent Literacy Reading,Race/Ethnicity,Hispanic/Latino,2429,2018,684,1831,2429,2018,684,1831,2428,2017,682,1832
101907,Emergent Literacy Reading,Race/Ethnicity,Other,716,579,379,551,716,579,379,551,717,578,379,551
101907,Emergent Literacy Reading,Race/Ethnicity,White,364,304,145,276,364,304,145,276,363,303,145,277
101907,Emergent Literacy Reading,Homeless,Homeless,55,26,7,26,55,26,NA,26,55,25,5,25
101907,Emergent Literacy Reading,In Foster Care,In Foster Care,51,32,18,13,51,32,18,13,52,33,17,13
101907,Emergent Literacy Writing,Race/Ethnicity,Black or African American,1001,728,635,641,1001,728,635,641,999,727,634,642
101907,Emergent Literacy Writing,Race/Ethnicity,Hispanic/Latino,2429,1904,1646,1723,2429,1904,1646,1723,2429,1905,1645,1724
101907,Emergent Literacy Writing,Race/Ethnicity,Other,716,555,491,528,716,555,491,528,717,556,491,528
101907,Emergent Literacy Writing,Race/Ethnicity,White,364,299,255,268,364,299,255,268,363,298,253,268
101907,Emergent Literacy Writing,Homeless,Homeless,55,24,24,24,55,24,24,24,52,25,24,22
101907,Emergent Literacy Writing,In Foster Care,In Foster Care,51,31,13,12,51,31,13,12,52,32,12,14
101907,Health and Wellness,Race/Ethnicity,Black or African American,1001,728,684,593,1001,728,684,593,1000,728,685,594
101907,Health and Wellness,Race/Ethnicity,Hispanic/Latino,2429,1905,1826,1727,2429,1905,1826,1727,2427,1907,1824,1727
101907,Health and Wellness,Race/Ethnicity,Other,716,560,529,524,716,560,529,524,716,561,527,523
101907,Health and Wellness,Race/Ethnicity,White,364,297,277,263,364,297,277,263,365,297,278,263
101907,Health and Wellness,Homeless,Homeless,55,23,23,23,55,23,23,23,53,22,22,21
101907,Health and Wellness,In Foster Care,In Foster Care,51,30,13,23,51,30,13,23,52,30,12,24
101907,Language and Communication,Race/Ethnicity,Black or African American,1001,751,327,501,1001,751,327,501,1000,752,328,503
101907,Language and Communication,Race/Ethnicity,Hispanic/Latino,2429,2015,947,1286,2429,2015,947,1286,2429,2014,947,1286
101907,Language and Communication,Race/Ethnicity,Other,716,577,219,392,716,577,219,392,717,574,218,392
101907,Language and Communication,Race/Ethnicity,White,364,304,135,199,364,304,135,199,362,304,136,199
101907,Language and Communication,Homeless,Homeless,55,26,5,16,55,26,NA,16,55,28,4,15
101907,Language and Communication,In Foster Care,In Foster Care,51,32,17,23,51,32,17,23,53,32,16,23
101907,Mathematics,Race/Ethnicity,Black or African American,1001,747,609,679,1001,747,609,679,1001,749,609,678
101907,Mathematics,Race/Ethnicity,Hispanic/Latino,2429,2017,1518,1861,2429,2017,1518,1861,2428,2015,1518,1861
101907,Mathematics,Race/Ethnicity,Other,716,569,493,543,716,569,493,543,715,568,493,543
101907,Mathematics,Race/Ethnicity,White,364,302,248,279,364,302,248,279,365,302,248,280
101907,Mathematics,Homeless,Homeless,55,26,17,26,55,26,17,26,55,27,16,26
101907,Mathematics,In Foster Care,In Foster Care,51,31,24,13,51,31,24,13,49,33,24,15
101910,Emergent Literacy Reading,Race/Ethnicity,Black or African American,103,23,12,17,103,23,12,17,101,24,13,17
101910,Emergent Literacy Reading,Race/Ethnicity,Hispanic/Latino,793,444,167,396,793,444,167,396,795,444,166,395
101910,Emergent Literacy Reading,Race/Ethnicity,Other,16,9,2,9,16,NA,NA,NA,15,10,4,10
101910,Emergent Literacy Reading,Race/Ethnicity,White,26,16,9,7,26,NA,NA,NA,26,17,8,7
101910,Emergent Literacy Reading,Homeless,Homeless,11,11,5,11,11,11,NA,11,12,8,5,8
101910,Emergent Literacy Reading,In Foster Care,In Foster Care,5,2,1,2,NA,NA,NA,NA,3,3,0,2
101910,Emergent Literacy Writing,Race/Ethnicity,Black or African American,103,67,61,61,103,67,61,61,103,66,60,62
101910,Emergent Literacy Writing,Race/Ethnicity,Hispanic/Latino,793,671,579,619,793,671,579,619,793,673,579,618
101910,Emergent Literacy Writing,Race/Ethnicity,Other,16,12,12,12,16,12,12,12,17,12,12,12
101910,Emergent Literacy Writing,Race/Ethnicity,White,26,19,12,12,26,19,12,12,26,20,12,12
101910,Emergent Literacy Writing,Homeless,Homeless,19,19,19,19,19,19,19,19,20,20,20,18
101910,Emergent Literacy Writing,In Foster Care,In Foster Care,5,3,3,3,NA,NA,NA,NA,5,4,1,4
101910,Health and Wellness,Race/Ethnicity,Black or African American,103,65,65,59,103,65,65,59,101,63,63,61
101910,Health and Wellness,Race/Ethnicity,Hispanic/Latino,793,656,628,617,793,656,628,617,792,655,628,617
101910,Health and Wellness,Race/Ethnicity,Other,16,12,12,12,16,12,12,12,15,13,13,12
101910,Health and Wellness,Race/Ethnicity,White,26,19,19,12,26,19,19,12,25,18,18,12
101910,Health and Wellness,Homeless,Homeless,20,20,20,19,20,20,20,19,22,19,18,18
101910,Health and Wellness,In Foster Care,In Foster Care,5,3,3,2,NA,NA,NA,NA,6,2,2,1
101910,Language and Communication,Race/Ethnicity,Black or African American,103,37,10,25,103,37,NA,25,102,36,10,26
101910,Language and Communication,Race/Ethnicity,Hispanic/Latino,793,524,284,378,793,524,284,378,795,522,283,376
101910,Language and Communication,Race/Ethnicity,Other,16,5,3,4,16,NA,NA,NA,15,6,4,5
101910,Language and Communication,Race/Ethnicity,White,26,18,13,12,26,NA,13,NA,27,19,13,11
101910,Language and Communication,Homeless,Homeless,12,12,9,12,12,12,NA,12,13,13,9,10
101910,Language and Communication,In Foster Care,In Foster Care,5,2,1,2,NA,NA,NA,NA,5,3,0,3
101910,Mathematics,Race/Ethnicity,Black or African American,103,60,49,55,103,60,49,55,102,60,49,55
101910,Mathematics,Race/Ethnicity,Hispanic/Latino,793,609,522,572,793,609,522,572,793,611,521,570
101910,Mathematics,Race/Ethnicity,Other,16,11,11,11,16,11,11,11,17,11,11,11
101910,Mathematics,Race/Ethnicity,White,26,18,11,11,26,18,11,11,26,19,12,11
101910,Mathematics,Homeless,Homeless,18,18,16,18,18,18,16,18,17,17,17,17
101910,Mathematics,In Foster Care,In Foster Care,5,3,3,3,NA,NA,NA,NA,5,5,2,4
101911,Emergent Literacy Reading,Race/Ethnicity,Black or African American,159,113,38,78,159,113,38,78,160,113,39,78
101911,Emergent Literacy Reading,Race/Ethnicity,Hispanic/Latino,566,478,99,390,566,478,99,390,566,478,100,390
101911,Emergent Literacy Reading,Race/Ethnicity,Other,33,26,14,22,33,26,14,22,34,27,15,22
101911,Emergent Literacy Reading,Race/Ethnicity,White,92,68,17,55,92,68,17,55,91,67,18,57
101911,Emergent Literacy Reading,Homeless,Homeless,21,11,4,11,21,11,NA,11,23,12,5,11
101911,Emergent Literacy Reading,In Foster Care,In Foster Care,5,3,1,2,NA,NA,NA,NA,5,3,2,3
101911,Emergent Literacy Writing,Race/Ethnicity,Black or African American,159,114,93,98,159,114,93,98,161,116,95,98
101911,Emergent Literacy Writing,Race/Ethnicity,Hispanic/Latino,566,432,315,392,566,432,315,392,565,432,314,391
101911,Emergent Literacy Writing,Race/Ethnicity,Other,33,26,21,24,33,26,21,24,32,27,20,23
101911,Emergent Literacy Writing,Race/Ethnicity,White,92,67,53,59,92,67,53,59,92,67,53,59
101911,Emergent Literacy Writing,Homeless,Homeless,21,11,11,11,21,11,11,11,21,11,11,11
101911,Emergent Literacy Writing,In Foster Care,In Foster Care,5,3,2,2,NA,NA,NA,NA,5,2,2,2
101911,Health and Wellness,Race/Ethnicity,Black or African American,159,113,107,97,159,113,107,97,160,114,106,97
101911,Health and Wellness,Race/Ethnicity,Hispanic/Latino,566,448,412,421,566,448,412,421,564,449,411,420
101911,Health and Wellness,Race/Ethnicity,Other,33,26,26,26,33,26,26,26,34,27,27,27
101911,Health and Wellness,Race/Ethnicity,White,92,67,57,60,92,67,57,60,91,66,58,60
101911,Health and Wellness,Homeless,Homeless,21,11,11,11,21,11,11,11,20,11,11,11
101911,Health and Wellness,In Foster Care,In Foster Care,5,3,2,2,NA,NA,NA,NA,5,2,1,1
101911,Language and Communication,Race/Ethnicity,Black or African American,159,113,39,58,159,113,39,58,159,113,37,58
101911,Language and Communication,Race/Ethnicity,Hispanic/Latino,566,478,189,216,566,478,189,216,569,477,189,215
101911,Language and Communication,Race/Ethnicity,Other,33,26,9,15,33,26,NA,15,32,26,9,15
101911,Language and Communication,Race/Ethnicity,White,92,68,37,50,92,68,NA,50,92,68,37,50
101911,Language and Communication,Homeless,Homeless,21,11,8,6,21,11,NA,NA,19,12,8,7
101911,Language and Communication,In Foster Care,In Foster Care,5,3,1,1,NA,NA,NA,NA,4,3,1,2
101911,Mathematics,Race/Ethnicity,Black or African American,159,113,70,89,159,113,70,89,159,112,70,88
101911,Mathematics,Race/Ethnicity,Hispanic/Latino,566,476,295,406,566,476,295,406,565,474,295,407
101911,Mathematics,Race/Ethnicity,Other,33,26,20,25,33,26,20,25,33,26,18,23
101911,Mathematics,Race/Ethnicity,White,92,68,59,61,92,68,59,61,92,68,59,61
101911,Mathematics,Homeless,Homeless,21,11,6,11,21,11,NA,11,22,11,6,10
101911,Mathematics,In Foster Care,In Foster Care,5,3,2,2,NA,NA,NA,NA,7,2,2,2
101912,Emergent Literacy Reading,Race/Ethnicity,Black or African American,2273,1595,942,1416,2273,1595,942,1416,2274,1594,941,1418
101912,Emergent Literacy Reading,Race/Ethnicity,Hispanic/Latino,6011,4822,1900,4385,6011,4822,1900,4385,6015,4823,1902,4385
101912,Emergent Literacy Reading,Race/Ethnicity,Other,617,458,322,422,617,458,322,422,618,459,321,422
101912,Emergent Literacy Reading,Race/Ethnicity,White,423,318,170,283,423,318,170,283,423,319,168,282
101912,Emergent Literacy Reading,Homeless,Homeless,680,468,170,416,680,468,170,416,678,468,170,416
101912,Emergent Literacy Reading,In Foster Care,In Foster Care,18,13,8,13,18,13,NA,13,19,14,8,14
101912,Emergent Literacy Writing,Race/Ethnicity,Black or African American,2273,1598,1407,1423,2273,1598,1407,1423,2274,1598,1407,1423
101912,Emergent Literacy Writing,Race/Ethnicity,Hispanic/Latino,6011,4809,3939,4404,6011,4809,3939,4404,6012,4807,3938,4405
101912,Emergent Literacy Writing,Race/Ethnicity,Other,617,457,425,433,617,457,425,433,617,456,425,432
101912,Emergent Literacy Writing,Race/Ethnicity,White,423,317,281,297,423,317,281,297,423,318,282,297
101912,Emergent Literacy Writing,Homeless,Homeless,680,471,390,427,680,471,390,427,680,471,393,429
101912,Emergent Literacy Writing,In Foster Care,In Foster Care,18,12,12,12,18,12,12,12,19,11,11,10
101912,Health and Wellness,Race/Ethnicity,Black or African American,2273,1592,1507,1350,2273,1592,1507,1350,2273,1592,1508,1349
101912,Health and Wellness,Race/Ethnicity,Hispanic/Latino,6011,4786,4366,4385,6011,4786,4366,4385,6010,4788,4369,4386
101912,Health and Wellness,Race/Ethnicity,Other,617,452,439,412,617,452,439,412,618,454,440,411
101912,Health and Wellness,Race/Ethnicity,White,423,316,304,283,423,316,304,283,423,316,304,282
101912,Health and Wellness,Homeless,Homeless,680,469,426,409,680,469,426,409,680,470,425,410
101912,Health and Wellness,In Foster Care,In Foster Care,18,12,12,12,18,12,12,12,18,15,12,10
101912,Language and Communication,Race/Ethnicity,Black or African American,2273,1595,744,1308,2273,1595,744,1308,2274,1594,745,1305
101912,Language and Communication,Race/Ethnicity,Hispanic/Latino,6011,4823,2457,3676,6011,4823,2457,3676,6012,4823,2456,3677
101912,Language and Communication,Race/Ethnicity,Other,617,457,188,327,617,457,188,327,617,456,188,327
101912,Language and Communication,Race/Ethnicity,White,423,317,158,241,423,317,158,241,424,318,157,241
101912,Language and Communication,Homeless,Homeless,680,466,235,360,680,466,235,360,679,467,235,360
101912,Language and Communication,In Foster Care,In Foster Care,18,13,7,13,18,13,NA,13,20,13,8,12
101912,Mathematics,Race/Ethnicity,Black or African American,2273,1593,1364,1510,2273,1593,1364,1510,2276,1592,1364,1509
101912,Mathematics,Race/Ethnicity,Hispanic/Latino,6011,4822,3634,4598,6011,4822,3634,4598,6012,4819,3634,4599
101912,Mathematics,Race/Ethnicity,Other,617,458,397,445,617,458,397,445,616,457,395,446
101912,Mathematics,Race/Ethnicity,White,423,317,275,301,423,317,275,301,424,318,274,301
101912,Mathematics,Homeless,Homeless,680,472,349,445,680,472,349,445,680,472,350,444
101912,Mathematics,In Foster Care,In Foster Care,18,13,13,13,18,13,13,13,21,13,13,13
101913,Emergent Literacy Reading,Race/Ethnicity,Black or African American,396,312,174,264,396,312,174,264,395,313,172,265
101913,Emergent Literacy Reading,Race/Ethnicity,Hispanic/Latino,607,531,219,458,607,531,219,458,606,532,219,457
101913,Emergent Literacy Reading,Race/Ethnicity,Other,94,79,51,68,94,79,51,68,95,80,50,69
101913,Emergent Literacy Reading,Race/Ethnicity,White,78,69,38,54,78,69,38,54,77,69,38,53
101913,Emergent Literacy Reading,Homeless,Homeless,50,34,17,25,50,34,17,25,50,34,16,24
101913,Emergent Literacy Reading,In Foster Care,In Foster Care,19,9,2,3,19,NA,NA,NA,18,8,2,4
101913,Emergent Literacy Writing,Race/Ethnicity,Black or African American,396,283,258,256,396,283,258,256,396,282,257,256
101913,Emergent Literacy Writing,Race/Ethnicity,Hispanic/Latino,607,502,443,446,607,502,443,446,607,500,444,445
101913,Emergent Literacy Writing,Race/Ethnicity,Other,94,75,75,73,94,75,75,73,93,76,74,73
101913,Emergent Literacy Writing,Race/Ethnicity,White,78,64,58,56,78,64,58,56,78,64,57,57
101913,Emergent Literacy Writing,Homeless,Homeless,50,32,23,22,50,32,23,22,51,32,24,22
101913,Emergent Literacy Writing,In Foster Care,In Foster Care,19,9,4,3,19,NA,NA,NA,20,11,2,4
101913,Health and Wellness,Race/Ethnicity,Black or African American,396,303,297,267,396,303,297,267,396,301,299,266
101913,Health and Wellness,Race/Ethnicity,Hispanic/Latino,607,531,520,482,607,531,520,482,607,530,519,482
101913,Health and Wellness,Race/Ethnicity,Other,94,80,80,70,94,80,80,70,94,79,79,68
101913,Health and Wellness,Race/Ethnicity,White,78,68,64,59,78,68,64,59,78,67,63,59
101913,Health and Wellness,Homeless,Homeless,50,32,32,23,50,32,32,23,49,33,32,24
101913,Health and Wellness,In Foster Care,In Foster Care,19,9,9,3,19,NA,NA,NA,18,9,9,2
101913,Language and Communication,Race/Ethnicity,Black or African American,396,312,144,210,396,312,144,210,397,312,145,210
101913,Language and Communication,Race/Ethnicity,Hispanic/Latino,607,531,246,317,607,531,246,317,606,530,246,318
101913,Language and Communication,Race/Ethnicity,Other,94,78,31,50,94,78,31,50,96,78,31,50
101913,Language and Communication,Race/Ethnicity,White,78,69,43,51,78,69,43,51,77,70,43,52
101913,Language and Communication,Homeless,Homeless,50,34,15,22,50,34,15,22,51,35,14,22
101913,Language and Communication,In Foster Care,In Foster Care,19,9,2,2,19,NA,NA,NA,22,9,1,1
101913,Mathematics,Race/Ethnicity,Black or African American,396,311,261,279,396,311,261,279,395,311,260,281
101913,Mathematics,Race/Ethnicity,Hispanic/Latino,607,525,426,479,607,525,426,479,606,525,422,479
101913,Mathematics,Race/Ethnicity,Other,94,79,68,76,94,79,68,76,94,80,69,75
101913,Mathematics,Race/Ethnicity,White,78,68,61,63,78,68,61,63,77,68,63,64
101913,Mathematics,Homeless,Homeless,50,34,25,25,50,34,25,25,51,34,26,24
101913,Mathematics,In Foster Care,In Foster Care,19,9,4,3,19,NA,NA,NA,21,7,3,3
101914,Emergent Literacy Reading,Race/Ethnicity,Black or African American,532,406,264,344,532,406,264,344,533,407,263,345
101914,Emergent Literacy Reading,Race/Ethnicity,Hispanic/Latino,1232,1071,476,910,1232,1071,476,910,1234,1072,476,909
101914,Emergent Literacy Reading,Race/Ethnicity,Other,741,637,508,596,741,637,508,596,740,637,509,594
101914,Emergent Literacy Reading,Race/Ethnicity,White,277,236,128,205,277,236,128,205,276,236,127,205
101914,Emergent Literacy Reading,Homeless,Homeless,27,19,9,19,27,19,NA,19,26,17,8,17
101914,Emergent Literacy Reading,In Foster Care,In Foster Care,23,14,9,8,23,14,NA,NA,23,13,9,10
101914,Emergent Literacy Writing,Race/Ethnicity,Black or African American,532,396,360,350,532,396,360,350,531,396,362,348
101914,Emergent Literacy Writing,Race/Ethnicity,Hispanic/Latino,1232,1014,920,904,1232,1014,920,904,1233,1014,920,902
101914,Emergent Literacy Writing,Race/Ethnicity,Other,741,631,599,587,741,631,599,587,742,631,601,587
101914,Emergent Literacy Writing,Race/Ethnicity,White,277,227,213,215,277,227,213,215,278,226,212,215
101914,Emergent Literacy Writing,Homeless,Homeless,27,18,18,18,27,18,18,18,26,16,16,16
101914,Emergent Literacy Writing,In Foster Care,In Foster Care,23,14,9,8,23,14,NA,NA,23,14,9,6
101914,Health and Wellness,Race/Ethnicity,Black or African American,532,403,392,313,532,403,392,313,532,405,392,311
101914,Health and Wellness,Race/Ethnicity,Hispanic/Latino,1232,1017,980,922,1232,1017,980,922,1230,1016,979,921
101914,Health and Wellness,Race/Ethnicity,Other,741,633,616,583,741,633,616,583,740,633,618,587
101914,Health and Wellness,Race/Ethnicity,White,277,229,223,207,277,229,223,207,276,228,223,206
101914,Health and Wellness,Homeless,Homeless,27,18,18,18,27,18,18,18,26,17,17,16
101914,Health and Wellness,In Foster Care,In Foster Care,23,14,9,7,23,14,NA,NA,24,15,11,7
101914,Language and Communication,Race/Ethnicity,Black or African American,532,411,198,263,532,411,198,263,532,411,198,262
101914,Language and Communication,Race/Ethnicity,Hispanic/Latino,1232,1081,611,668,1232,1081,611,668,1229,1079,611,669
101914,Language and Communication,Race/Ethnicity,Other,741,643,276,394,741,643,276,394,741,645,276,394
101914,Language and Communication,Race/Ethnicity,White,277,240,114,153,277,240,114,153,279,238,112,153
101914,Language and Communication,Homeless,Homeless,27,20,15,20,27,20,15,20,28,21,16,21
101914,Language and Communication,In Foster Care,In Foster Care,23,14,8,9,23,14,NA,NA,24,15,8,9
101914,Mathematics,Race/Ethnicity,Black or African American,532,404,373,372,532,404,373,372,532,406,373,373
101914,Mathematics,Race/Ethnicity,Hispanic/Latino,1232,1072,849,984,1232,1072,849,984,1231,1071,851,985
101914,Mathematics,Race/Ethnicity,Other,741,634,594,612,741,634,594,612,742,632,595,612
101914,Mathematics,Race/Ethnicity,White,277,235,209,225,277,235,209,225,276,235,207,225
101914,Mathematics,Homeless,Homeless,27,18,18,18,27,18,18,18,26,17,17,17
101914,Mathematics,In Foster Care,In Foster Care,23,14,9,8,23,14,NA,NA,23,13,11,8
101915,Emergent Literacy Reading,Race/Ethnicity,Black or African American,335,233,113,185,335,233,113,185,336,234,113,185
101915,Emergent Literacy Reading,Race/Ethnicity,Hispanic/Latino,977,799,218,656,977,799,218,656,977,798,216,656
101915,Emergent Literacy Reading,Race/Ethnicity,Other,195,157,84,140,195,157,84,140,195,157,86,140
101915,Emergent Literacy Reading,Race/Ethnicity,White,135,100,55,84,135,100,55,84,134,103,56,85
101915,Emergent Literacy Reading,Homeless,Homeless,23,11,5,11,23,11,NA,11,20,11,4,11
101915,Emergent Literacy Reading,In Foster Care,In Foster Care,23,10,2,4,23,10,NA,NA,23,11,1,5
101915,Emergent Literacy Writing,Race/Ethnicity,Black or African American,335,233,208,187,335,233,208,187,335,233,209,185
101915,Emergent Literacy Writing,Race/Ethnicity,Hispanic/Latino,977,793,707,664,977,793,707,664,977,793,709,664
101915,Emergent Literacy Writing,Race/Ethnicity,Other,195,158,144,145,195,158,144,145,194,156,145,145
101915,Emergent Literacy Writing,Race/Ethnicity,White,135,100,92,91,135,100,92,91,133,101,92,90
101915,Emergent Literacy Writing,Homeless,Homeless,23,11,11,11,23,11,11,11,23,11,10,11
101915,Emergent Literacy Writing,In Foster Care,In Foster Care,23,10,5,4,23,10,NA,NA,25,9,5,3
101915,Health and Wellness,Race/Ethnicity,Black or African American,335,227,220,182,335,227,220,182,335,226,219,183
101915,Health and Wellness,Race/Ethnicity,Hispanic/Latino,977,796,777,707,977,796,777,707,979,795,777,707
101915,Health and Wellness,Race/Ethnicity,Other,195,152,137,137,195,152,137,137,196,153,138,137
101915,Health and Wellness,Race/Ethnicity,White,135,98,98,89,135,98,98,89,135,99,97,88
101915,Health and Wellness,Homeless,Homeless,23,11,11,11,23,11,11,11,22,12,12,10
101915,Health and Wellness,In Foster Care,In Foster Care,23,10,5,4,23,10,NA,NA,22,10,6,2
101915,Language and Communication,Race/Ethnicity,Black or African American,335,234,104,153,335,234,104,153,334,234,104,152
101915,Language and Communication,Race/Ethnicity,Hispanic/Latino,977,799,379,509,977,799,379,509,977,799,380,510
101915,Language and Communication,Race/Ethnicity,Other,195,158,58,100,195,158,58,100,197,158,58,101
101915,Language and Communication,Race/Ethnicity,White,135,100,56,73,135,100,56,73,137,101,54,74
101915,Language and Communication,Homeless,Homeless,23,11,6,11,23,11,NA,11,22,12,6,11
101915,Language and Communication,In Foster Care,In Foster Care,23,10,3,3,23,10,NA,NA,23,9,4,5
101915,Mathematics,Race/Ethnicity,Black or African American,335,232,190,199,335,232,190,199,335,231,190,198
101915,Mathematics,Race/Ethnicity,Hispanic/Latino,977,792,553,662,977,792,553,662,977,792,555,661
101915,Mathematics,Race/Ethnicity,Other,195,157,128,148,195,157,128,148,194,157,129,146
101915,Mathematics,Race/Ethnicity,White,135,100,86,89,135,100,86,89,135,99,85,88
101915,Mathematics,Homeless,Homeless,23,11,11,11,23,11,11,11,25,12,9,11
101915,Mathematics,In Foster Care,In Foster Care,23,10,10,4,23,10,10,NA,23,11,11,4
101916,Emergent Literacy Reading,Race/Ethnicity,Black or African American,17,13,5,13,NA,NA,NA,13,16,13,5,12
101916,Emergent Literacy Reading,Race/Ethnicity,Hispanic/Latino,148,122,58,106,148,122,58,106,147,122,59,105
101916,Emergent Literacy Reading,Race/Ethnicity,Other,8,7,5,7,NA,NA,NA,NA,8,5,4,5
101916,Emergent Literacy Reading,Race/Ethnicity,White,31,22,15,7,31,22,15,NA,30,23,16,8
101916,Emergent Literacy Reading,Homeless,Homeless,13,7,2,4,13,NA,NA,NA,12,9,2,4
101916,Emergent Literacy Reading,In Foster Care,In Foster Care,1,1,0,1,NA,NA,NA,NA,1,1,1,1
101916,Emergent Literacy Writing,Race/Ethnicity,Black or African American,17,13,13,13,NA,NA,NA,13,16,13,12,13
101916,Emergent Literacy Writing,Race/Ethnicity,Hispanic/Latino,148,125,117,112,148,125,117,112,148,124,116,111
101916,Emergent Literacy Writing,Race/Ethnicity,Other,8,7,7,7,NA,NA,NA,NA,7,5,5,5
101916,Emergent Literacy Writing,Race/Ethnicity,White,31,25,13,8,31,25,13,NA,29,25,11,7
101916,Emergent Literacy Writing,Homeless,Homeless,13,8,8,4,13,NA,NA,NA,14,8,7,5
101916,Emergent Literacy Writing,In Foster Care,In Foster Care,1,1,1,1,NA,NA,NA,NA,1,1,0,0
101916,Health and Wellness,Race/Ethnicity,Black or African American,17,13,13,13,NA,NA,NA,13,20,12,12,11
101916,Health and Wellness,Race/Ethnicity,Hispanic/Latino,148,125,115,107,148,125,115,107,147,125,115,108
101916,Health and Wellness,Race/Ethnicity,Other,8,7,7,7,NA,NA,NA,NA,9,8,8,8
101916,Health and Wellness,Race/Ethnicity,White,31,25,16,10,31,25,16,NA,29,22,17,10
101916,Health and Wellness,Homeless,Homeless,13,8,8,4,13,NA,NA,NA,14,8,8,3
101916,Health and Wellness,In Foster Care,In Foster Care,1,1,1,1,NA,NA,NA,NA,2,1,1,1
101916,Language and Communication,Race/Ethnicity,Black or African American,17,12,6,10,NA,NA,NA,NA,17,13,6,9
101916,Language and Communication,Race/Ethnicity,Hispanic/Latino,148,123,68,90,148,123,68,90,149,122,66,90
101916,Language and Communication,Race/Ethnicity,Other,8,7,5,5,NA,NA,NA,NA,6,6,6,4
101916,Language and Communication,Race/Ethnicity,White,31,22,11,17,31,22,11,17,29,20,13,18
101916,Language and Communication,Homeless,Homeless,13,7,2,3,13,NA,NA,NA,13,8,1,2
101916,Language and Communication,In Foster Care,In Foster Care,1,1,0,0,NA,NA,NA,NA,1,1,1,0
101916,Mathematics,Race/Ethnicity,Black or African American,17,13,13,13,NA,NA,13,NA,16,14,10,11
101916,Mathematics,Race/Ethnicity,Hispanic/Latino,148,124,116,105,148,124,116,105,147,123,118,106
101916,Mathematics,Race/Ethnicity,Other,8,6,6,6,NA,NA,NA,NA,9,6,6,6
101916,Mathematics,Race/Ethnicity,White,31,24,10,14,31,24,NA,14,29,24,9,13
101916,Mathematics,Homeless,Homeless,13,8,4,8,13,NA,NA,NA,14,7,3,7
101916,Mathematics,In Foster Care,In Foster Care,1,1,1,1,NA,NA,NA,NA,3,1,1,1
101917,Emergent Literacy Reading,Race/Ethnicity,Black or African American,212,150,77,132,212,150,77,132,210,151,76,131
101917,Emergent Literacy Reading,Race/Ethnicity,Hispanic/Latino,1732,1432,471,1252,1732,1432,471,1252,1734,1432,471,1251
101917,Emergent Literacy Reading,Race/Ethnicity,Other,89,77,45,71,89,77,45,71,88,76,46,70
101917,Emergent Literacy Reading,Race/Ethnicity,White,126,97,42,85,126,97,42,85,128,96,42,85
101917,Emergent Literacy Reading,Homeless,Homeless,45,15,15,15,45,15,15,15,45,16,13,16
101917,Emergent Literacy Reading,In Foster Care,In Foster Care,13,7,3,6,13,NA,NA,NA,14,8,4,5
101917,Emergent Literacy Writing,Race/Ethnicity,Black or African American,212,132,95,118,212,132,95,118,212,132,95,118
101917,Emergent Literacy Writing,Race/Ethnicity,Hispanic/Latino,1732,1338,1116,1234,1732,1338,1116,1234,1731,1338,1114,1233
101917,Emergent Literacy Writing,Race/Ethnicity,Other,89,71,61,71,89,71,61,71,89,74,62,72
101917,Emergent Literacy Writing,Race/Ethnicity,White,126,85,68,77,126,85,68,77,126,85,69,77
101917,Emergent Literacy Writing,Homeless,Homeless,45,11,11,11,45,11,11,11,45,11,11,10
101917,Emergent Literacy Writing,In Foster Care,In Foster Care,13,7,6,6,13,NA,NA,NA,13,6,5,6
101917,Health and Wellness,Race/Ethnicity,Black or African American,212,145,125,121,212,145,125,121,212,144,126,121
101917,Health and Wellness,Race/Ethnicity,Hispanic/Latino,1732,1399,1313,1273,1732,1399,1313,1273,1731,1398,1313,1272
101917,Health and Wellness,Race/Ethnicity,Other,89,75,75,75,89,75,75,75,89,75,75,74
101917,Health and Wellness,Race/Ethnicity,White,126,93,82,83,126,93,82,83,126,93,82,84
101917,Health and Wellness,Homeless,Homeless,45,12,12,12,45,12,12,12,44,11,11,11
101917,Health and Wellness,In Foster Care,In Foster Care,13,7,6,5,13,NA,NA,NA,15,8,6,6
101917,Language and Communication,Race/Ethnicity,Black or African American,212,150,56,111,212,150,56,111,212,151,56,111
101917,Language and Communication,Race/Ethnicity,Hispanic/Latino,1732,1432,669,954,1732,1432,669,954,1732,1430,669,957
101917,Language and Communication,Race/Ethnicity,Other,89,77,27,57,89,77,27,57,89,78,27,56
101917,Language and Communication,Race/Ethnicity,White,126,97,53,74,126,97,53,74,126,98,53,75
101917,Language and Communication,Homeless,Homeless,45,15,7,10,45,15,NA,10,45,15,7,11
101917,Language and Communication,In Foster Care,In Foster Care,13,7,4,5,13,NA,NA,NA,15,8,6,4
101917,Mathematics,Race/Ethnicity,Black or African American,212,150,129,143,212,150,129,143,212,150,131,144
101917,Mathematics,Race/Ethnicity,Hispanic/Latino,1732,1423,1206,1327,1732,1423,1206,1327,1733,1425,1207,1327
101917,Mathematics,Race/Ethnicity,Other,89,75,66,75,89,75,66,75,89,75,65,74
101917,Mathematics,Race/Ethnicity,White,126,97,87,76,126,97,87,76,127,98,87,76
101917,Mathematics,Homeless,Homeless,45,15,15,15,45,15,15,15,44,16,16,14
101917,Mathematics,In Foster Care,In Foster Care,13,7,6,6,13,NA,NA,NA,13,8,7,6
101919,Emergent Literacy Reading,Race/Ethnicity,Black or African American,750,531,222,453,750,531,222,453,750,529,222,452
101919,Emergent Literacy Reading,Race/Ethnicity,Hispanic/Latino,1152,899,205,823,1152,899,205,823,1152,899,206,823
101919,Emergent Literacy Reading,Race/Ethnicity,Other,119,89,43,84,119,89,43,84,120,90,44,83
101919,Emergent Literacy Reading,Race/Ethnicity,White,95,73,27,68,95,73,27,68,96,72,26,69
101919,Emergent Literacy Reading,Homeless,Homeless,15,9,9,9,15,NA,NA,NA,14,11,9,9
101919,Emergent Literacy Reading,In Foster Care,In Foster Care,10,5,2,5,10,NA,NA,NA,8,5,3,5
101919,Emergent Literacy Writing,Race/Ethnicity,Black or African American,750,532,404,478,750,532,404,478,750,531,405,479
101919,Emergent Literacy Writing,Race/Ethnicity,Hispanic/Latino,1152,884,561,816,1152,884,561,816,1152,886,560,818
101919,Emergent Literacy Writing,Race/Ethnicity,Other,119,88,66,85,119,88,66,85,120,89,67,87
101919,Emergent Literacy Writing,Race/Ethnicity,White,95,73,59,64,95,73,59,64,94,72,60,65
101919,Emergent Literacy Writing,Homeless,Homeless,15,10,10,10,15,10,10,10,16,10,9,10
101919,Emergent Literacy Writing,In Foster Care,In Foster Care,10,5,5,5,10,NA,NA,NA,11,5,5,5
101919,Health and Wellness,Race/Ethnicity,Black or African American,750,529,456,468,750,529,456,468,750,530,457,468
101919,Health and Wellness,Race/Ethnicity,Hispanic/Latino,1152,883,735,834,1152,883,735,834,1150,882,736,837
101919,Health and Wellness,Race/Ethnicity,Other,119,88,73,83,119,88,73,83,117,86,73,84
101919,Health and Wellness,Race/Ethnicity,White,95,72,66,63,95,72,66,63,95,71,66,63
101919,Health and Wellness,Homeless,Homeless,15,10,10,10,15,10,10,10,13,8,8,8
101919,Health and Wellness,In Foster Care,In Foster Care,10,5,5,5,10,NA,NA,NA,12,6,4,6
101919,Language and Communication,Race/Ethnicity,Black or African American,750,531,212,434,750,531,212,434,748,530,210,436
101919,Language and Communication,Race/Ethnicity,Hispanic/Latino,1152,903,426,739,1152,903,426,739,1153,901,426,740
101919,Language and Communication,Race/Ethnicity,Other,119,89,25,72,119,89,25,72,119,90,27,72
101919,Language and Communication,Race/Ethnicity,White,95,73,34,63,95,73,34,63,96,73,35,61
101919,Language and Communication,Homeless,Homeless,15,9,9,9,15,NA,NA,NA,14,8,8,8
101919,Language and Communication,In Foster Care,In Foster Care,10,5,3,5,10,NA,NA,NA,11,5,4,4
101919,Mathematics,Race/Ethnicity,Black or African American,750,530,405,475,750,530,405,475,750,529,405,475
101919,Mathematics,Race/Ethnicity,Hispanic/Latino,1152,902,422,849,1152,902,422,849,1151,904,422,850
101919,Mathematics,Race/Ethnicity,Other,119,89,65,86,119,89,65,86,120,88,67,85
101919,Mathematics,Race/Ethnicity,White,95,73,47,67,95,73,47,67,96,72,48,65
101919,Mathematics,Homeless,Homeless,15,9,9,9,15,NA,NA,NA,15,8,8,8
101919,Mathematics,In Foster Care,In Foster Care,10,5,4,5,10,NA,NA,NA,10,5,2,3
101920,Emergent Literacy Reading,Race/Ethnicity,Black or African American,103,70,35,60,103,70,35,60,105,70,35,60
101920,Emergent Literacy Reading,Race/Ethnicity,Hispanic/Latino,864,679,210,647,864,679,210,647,864,679,209,647
101920,Emergent Literacy Reading,Race/Ethnicity,Other,112,88,54,84,112,88,54,84,113,89,55,85
101920,Emergent Literacy Reading,Race/Ethnicity,White,221,192,115,184,221,192,115,184,221,191,116,182
101920,Emergent Literacy Reading,Homeless,Homeless,41,18,10,18,41,18,10,18,41,19,9,19
101920,Emergent Literacy Reading,In Foster Care,In Foster Care,6,4,2,4,NA,NA,NA,NA,5,5,3,5
101920,Emergent Literacy Writing,Race/Ethnicity,Black or African American,103,70,58,58,103,70,58,58,102,71,58,58
101920,Emergent Literacy Writing,Race/Ethnicity,Hispanic/Latino,864,679,547,638,864,679,547,638,866,678,547,638
101920,Emergent Literacy Writing,Race/Ethnicity,Other,112,88,82,84,112,88,82,84,112,88,84,84
101920,Emergent Literacy Writing,Race/Ethnicity,White,221,192,183,182,221,192,183,182,221,192,184,183
101920,Emergent Literacy Writing,Homeless,Homeless,41,18,18,18,41,18,18,18,40,18,18,17
101920,Emergent Literacy Writing,In Foster Care,In Foster Care,6,4,4,4,NA,NA,NA,NA,4,2,2,2
101920,Health and Wellness,Race/Ethnicity,Black or African American,103,70,60,62,103,70,60,62,103,70,60,62
101920,Health and Wellness,Race/Ethnicity,Hispanic/Latino,864,678,620,639,864,678,620,639,864,676,621,640
101920,Health and Wellness,Race/Ethnicity,Other,112,88,87,85,112,88,87,85,112,90,87,85
101920,Health and Wellness,Race/Ethnicity,White,221,192,187,184,221,192,187,184,221,192,187,185
101920,Health and Wellness,Homeless,Homeless,41,18,18,18,41,18,18,18,42,17,17,17
101920,Health and Wellness,In Foster Care,In Foster Care,6,4,4,3,NA,NA,NA,NA,6,4,4,3
101920,Language and Communication,Race/Ethnicity,Black or African American,103,70,29,60,103,70,29,60,104,68,27,62
101920,Language and Communication,Race/Ethnicity,Hispanic/Latino,864,679,372,579,864,679,372,579,863,680,371,580
101920,Language and Communication,Race/Ethnicity,Other,112,88,40,71,112,88,40,71,114,88,41,70
101920,Language and Communication,Race/Ethnicity,White,221,192,138,167,221,192,138,167,220,191,138,167
101920,Language and Communication,Homeless,Homeless,41,18,8,18,41,18,NA,18,40,19,9,19
101920,Language and Communication,In Foster Care,In Foster Care,6,4,3,3,NA,NA,NA,NA,6,4,2,4
101920,Mathematics,Race/Ethnicity,Black or African American,103,71,59,65,103,71,59,65,100,71,58,67
101920,Mathematics,Race/Ethnicity,Hispanic/Latino,864,683,366,643,864,683,366,643,866,684,364,643
101920,Mathematics,Race/Ethnicity,Other,112,88,75,85,112,88,75,85,111,89,74,84
101920,Mathematics,Race/Ethnicity,White,221,192,166,187,221,192,166,187,221,191,167,186
101920,Mathematics,Homeless,Homeless,41,18,7,18,41,18,NA,18,40,20,5,16
101920,Mathematics,In Foster Care,In Foster Care,6,4,3,4,NA,NA,NA,NA,10,4,3,4
101921,Emergent Literacy Reading,Race/Ethnicity,Black or African American,37,21,13,16,37,21,13,16,38,22,12,16
101921,Emergent Literacy Reading,Race/Ethnicity,Hispanic/Latino,225,174,55,154,225,174,55,154,224,175,54,153
101921,Emergent Literacy Reading,Race/Ethnicity,Other,107,92,60,88,107,92,60,88,107,92,60,90
101921,Emergent Literacy Reading,Race/Ethnicity,White,70,55,18,47,70,55,18,47,70,55,18,48
101921,Emergent Literacy Reading,Homeless,Homeless,16,10,4,8,16,10,NA,NA,16,11,2,8
101921,Emergent Literacy Reading,In Foster Care,In Foster Care,6,1,1,1,NA,NA,NA,NA,5,3,0,0
101921,Emergent Literacy Writing,Race/Ethnicity,Black or African American,37,21,21,21,37,21,21,21,36,19,19,19
101921,Emergent Literacy Writing,Race/Ethnicity,Hispanic/Latino,225,176,158,165,225,176,158,165,224,174,157,166
101921,Emergent Literacy Writing,Race/Ethnicity,Other,107,92,45,46,107,92,45,46,106,90,46,44
101921,Emergent Literacy Writing,Race/Ethnicity,White,70,55,34,35,70,55,34,35,70,54,34,35
101921,Emergent Literacy Writing,Homeless,Homeless,16,9,9,9,16,NA,NA,NA,17,11,10,10
101921,Emergent Literacy Writing,In Foster Care,In Foster Care,6,1,1,1,NA,NA,NA,NA,3,1,1,0
101921,Health and Wellness,Race/Ethnicity,Black or African American,37,21,21,21,37,21,21,21,37,23,21,23
101921,Health and Wellness,Race/Ethnicity,Hispanic/Latino,225,175,169,161,225,175,169,161,226,174,168,161
101921,Health and Wellness,Race/Ethnicity,Other,107,92,91,37,107,92,91,37,107,93,90,37
101921,Health and Wellness,Race/Ethnicity,White,70,55,55,50,70,55,55,50,72,54,54,51
101921,Health and Wellness,Homeless,Homeless,16,9,9,8,16,NA,NA,NA,15,9,9,9
101921,Health and Wellness,In Foster Care,In Foster Care,6,1,1,1,NA,NA,NA,NA,5,1,1,0
101921,Language and Communication,Race/Ethnicity,Black or African American,37,21,11,16,37,21,11,16,36,21,8,16
101921,Language and Communication,Race/Ethnicity,Hispanic/Latino,225,172,73,134,225,172,73,134,223,173,75,134
101921,Language and Communication,Race/Ethnicity,Other,107,92,37,60,107,92,37,60,106,94,39,58
101921,Language and Communication,Race/Ethnicity,White,70,54,32,46,70,54,32,46,70,54,31,45
101921,Language and Communication,Homeless,Homeless,16,9,4,7,16,NA,NA,NA,17,10,5,4
101921,Language and Communication,In Foster Care,In Foster Care,6,1,1,1,NA,NA,NA,NA,5,1,1,0
101921,Mathematics,Race/Ethnicity,Black or African American,37,21,16,21,37,21,16,21,37,19,15,19
101921,Mathematics,Race/Ethnicity,Hispanic/Latino,225,174,130,169,225,174,130,169,226,175,131,168
101921,Mathematics,Race/Ethnicity,Other,107,92,81,45,107,92,81,45,108,92,82,43
101921,Mathematics,Race/Ethnicity,White,70,54,47,34,70,54,47,34,68,54,46,34
101921,Mathematics,Homeless,Homeless,16,10,7,9,16,10,NA,NA,17,11,5,9
101921,Mathematics,In Foster Care,In Foster Care,6,1,1,1,NA,NA,NA,NA,6,1,0,1
102904,Emergent Literacy Reading,Race/Ethnicity,Black or African American,15,12,4,7,15,NA,NA,NA,15,10,4,7
102904,Emergent Literacy Reading,Race/Ethnicity,Hispanic/Latino,38,30,6,22,38,30,NA,22,40,29,7,21
102904,Emergent Literacy Reading,Race/Ethnicity,Other,17,9,1,5,17,NA,NA,NA,17,8,3,6
102904,Emergent Literacy Reading,Race/Ethnicity,White,58,46,17,32,58,46,17,32,58,47,16,32
102904,Emergent Literacy Reading,Homeless,Homeless,5,3,1,2,NA,NA,NA,NA,4,4,1,2
102904,Emergent Literacy Reading,In Foster Care,In Foster Care,2,1,0,1,NA,NA,NA,NA,3,1,0,1
102904,Emergent Literacy Writing,Race/Ethnicity,Black or African American,15,12,12,12,15,NA,NA,NA,15,12,12,12
102904,Emergent Literacy Writing,Race/Ethnicity,Hispanic/Latino,38,32,24,25,38,32,24,25,37,33,27,25
102904,Emergent Literacy Writing,Race/Ethnicity,Other,17,9,5,8,17,NA,NA,NA,16,10,6,6
102904,Emergent Literacy Writing,Race/Ethnicity,White,58,46,38,39,58,46,38,39,58,46,39,37
102904,Emergent Literacy Writing,Homeless,Homeless,5,3,2,2,NA,NA,NA,NA,6,2,2,2
102904,Emergent Literacy Writing,In Foster Care,In Foster Care,2,1,1,1,NA,NA,NA,NA,1,1,1,1
102904,Health and Wellness,Race/Ethnicity,Black or African American,15,8,8,8,15,NA,NA,NA,15,7,7,7
102904,Health and Wellness,Race/Ethnicity,Hispanic/Latino,38,27,22,22,38,27,22,22,37,27,23,21
102904,Health and Wellness,Race/Ethnicity,Other,17,8,7,4,17,NA,NA,NA,17,6,6,5
102904,Health and Wellness,Race/Ethnicity,White,58,39,37,28,58,39,37,28,57,39,37,29
102904,Health and Wellness,Homeless,Homeless,5,2,2,2,NA,NA,NA,NA,3,1,1,1
102904,Health and Wellness,In Foster Care,In Foster Care,2,1,1,1,NA,NA,NA,NA,2,1,1,1
102904,Language and Communication,Race/Ethnicity,Black or African American,15,12,11,12,15,NA,NA,NA,15,12,10,10
102904,Language and Communication,Race/Ethnicity,Hispanic/Latino,38,30,16,24,38,30,16,24,36,30,16,25
102904,Language and Communication,Race/Ethnicity,Other,17,9,4,5,17,NA,NA,NA,16,8,6,5
102904,Language and Communication,Race/Ethnicity,White,58,46,34,40,58,46,34,40,57,45,35,40
102904,Language and Communication,Homeless,Homeless,5,3,2,2,NA,NA,NA,NA,5,3,2,3
102904,Language and Communication,In Foster Care,In Foster Care,2,1,1,1,NA,NA,NA,NA,2,2,0,1
102904,Mathematics,Race/Ethnicity,Black or African American,15,12,12,12,15,NA,NA,NA,15,12,12,12
102904,Mathematics,Race/Ethnicity,Hispanic/Latino,38,25,25,20,38,25,25,20,38,25,25,21
102904,Mathematics,Race/Ethnicity,Other,17,9,6,5,17,NA,NA,NA,17,9,7,7
102904,Mathematics,Race/Ethnicity,White,58,42,31,37,58,42,31,37,58,44,31,37
102904,Mathematics,Homeless,Homeless,5,3,2,2,NA,NA,NA,NA,6,1,1,1
102904,Mathematics,In Foster Care,In Foster Care,2,1,1,1,NA,NA,NA,NA,3,1,1,1
105906,Emergent Literacy Reading,Race/Ethnicity,Black or African American,32,21,10,18,32,21,10,18,32,21,12,17
105906,Emergent Literacy Reading,Race/Ethnicity,Hispanic/Latino,690,576,244,454,690,576,244,454,688,574,243,454
105906,Emergent Literacy Reading,Race/Ethnicity,Other,65,55,39,48,65,55,39,48,67,54,41,49
105906,Emergent Literacy Reading,Race/Ethnicity,White,170,152,93,128,170,152,93,128,171,152,92,128
105906,Emergent Literacy Reading,Homeless,Homeless,12,6,6,6,12,NA,NA,NA,12,5,5,5
105906,Emergent Literacy Reading,In Foster Care,In Foster Care,11,9,3,5,11,NA,NA,NA,12,10,3,4
105906,Emergent Literacy Writing,Race/Ethnicity,Black or African American,32,20,20,19,32,20,20,19,30,21,20,18
105906,Emergent Literacy Writing,Race/Ethnicity,Hispanic/Latino,690,559,543,515,690,559,543,515,691,559,544,512
105906,Emergent Literacy Writing,Race/Ethnicity,Other,65,56,56,51,65,56,56,51,65,56,56,51
105906,Emergent Literacy Writing,Race/Ethnicity,White,170,151,122,138,170,151,122,138,170,152,124,138
105906,Emergent Literacy Writing,Homeless,Homeless,12,5,5,5,12,NA,NA,NA,12,5,3,5
105906,Emergent Literacy Writing,In Foster Care,In Foster Care,11,9,7,6,11,NA,NA,NA,9,9,6,5
105906,Health and Wellness,Race/Ethnicity,Black or African American,32,20,20,19,32,20,20,19,32,21,18,18
105906,Health and Wellness,Race/Ethnicity,Hispanic/Latino,690,574,484,523,690,574,484,523,692,572,483,523
105906,Health and Wellness,Race/Ethnicity,Other,65,56,56,50,65,56,56,50,66,55,55,51
105906,Health and Wellness,Race/Ethnicity,White,170,151,148,138,170,151,148,138,169,151,147,138
105906,Health and Wellness,Homeless,Homeless,12,5,5,5,12,NA,NA,NA,13,4,4,4
105906,Health and Wellness,In Foster Care,In Foster Care,11,9,9,6,11,NA,NA,NA,10,9,9,7
105906,Language and Communication,Race/Ethnicity,Black or African American,32,21,9,14,32,21,NA,14,33,20,7,14
105906,Language and Communication,Race/Ethnicity,Hispanic/Latino,690,576,332,340,690,576,332,340,690,575,331,342
105906,Language and Communication,Race/Ethnicity,Other,65,55,29,35,65,55,NA,35,66,56,28,36
105906,Language and Communication,Race/Ethnicity,White,170,152,104,113,170,152,104,113,170,153,105,114
105906,Language and Communication,Homeless,Homeless,12,6,6,6,12,NA,NA,NA,12,9,6,6
105906,Language and Communication,In Foster Care,In Foster Care,11,9,4,4,11,NA,NA,NA,11,9,4,3
105906,Mathematics,Race/Ethnicity,Black or African American,32,21,19,16,32,21,19,16,31,20,18,16
105906,Mathematics,Race/Ethnicity,Hispanic/Latino,690,574,465,480,690,574,465,480,690,577,464,479
105906,Mathematics,Race/Ethnicity,Other,65,54,48,51,65,54,48,51,66,54,48,50
105906,Mathematics,Race/Ethnicity,White,170,151,142,138,170,151,142,138,169,153,144,141
105906,Mathematics,Homeless,Homeless,12,6,6,6,12,NA,NA,NA,11,5,5,5
105906,Mathematics,In Foster Care,In Foster Care,11,9,6,6,11,NA,NA,NA,8,8,5,6
108904,Emergent Literacy Reading,Race/Ethnicity,Black or African American,16,11,7,11,16,11,NA,NA,16,11,8,11
108904,Emergent Literacy Reading,Race/Ethnicity,Hispanic/Latino,1996,1649,917,1487,1996,1649,917,1487,1996,1648,917,1488
108904,Emergent Literacy Reading,Race/Ethnicity,Other,15,12,12,9,15,12,NA,NA,15,11,11,10
108904,Emergent Literacy Reading,Race/Ethnicity,White,35,25,15,19,35,25,15,19,37,26,16,19
108904,Emergent Literacy Reading,Homeless,Homeless,35,19,11,19,35,19,11,19,34,19,12,18
108904,Emergent Literacy Reading,In Foster Care,In Foster Care,6,3,1,2,NA,NA,NA,NA,5,2,0,2
108904,Emergent Literacy Writing,Race/Ethnicity,Black or African American,16,11,11,11,16,11,NA,NA,15,10,10,10
108904,Emergent Literacy Writing,Race/Ethnicity,Hispanic/Latino,1996,1610,1361,1501,1996,1610,1361,1501,1995,1609,1361,1501
108904,Emergent Literacy Writing,Race/Ethnicity,Other,15,12,8,5,15,12,NA,NA,16,12,7,4
108904,Emergent Literacy Writing,Race/Ethnicity,White,35,25,20,25,35,25,20,25,35,24,19,24
108904,Emergent Literacy Writing,Homeless,Homeless,35,18,18,18,35,18,18,18,35,19,17,19
108904,Emergent Literacy Writing,In Foster Care,In Foster Care,11,11,10,11,11,11,10,11,12,11,9,11
108904,Health and Wellness,Race/Ethnicity,Black or African American,16,11,5,3,16,11,NA,NA,16,12,4,3
108904,Health and Wellness,Race/Ethnicity,Hispanic/Latino,1996,1626,1482,1495,1996,1626,1482,1495,1995,1626,1484,1494
108904,Health and Wellness,Race/Ethnicity,Other,15,12,12,12,15,12,NA,NA,14,12,11,12
108904,Health and Wellness,Race/Ethnicity,White,35,25,25,25,35,25,25,25,35,26,26,23
108904,Health and Wellness,Homeless,Homeless,35,19,19,19,35,19,19,19,36,18,18,18
108904,Health and Wellness,In Foster Care,In Foster Care,10,10,2,10,10,10,NA,10,10,10,4,10
108904,Language and Communication,Race/Ethnicity,Black or African American,16,11,5,5,16,11,NA,NA,15,10,4,5
108904,Language and Communication,Race/Ethnicity,Hispanic/Latino,1996,1647,786,1232,1996,1647,786,1232,1996,1647,787,1230
108904,Language and Communication,Race/Ethnicity,Other,15,12,8,9,15,12,NA,NA,18,13,8,7
108904,Language and Communication,Race/Ethnicity,White,35,25,14,19,35,25,14,19,36,25,15,18
108904,Language and Communication,Homeless,Homeless,35,19,8,12,35,19,NA,12,34,17,9,12
108904,Language and Communication,In Foster Care,In Foster Care,6,3,1,2,NA,NA,NA,NA,9,5,0,2
108904,Mathematics,Race/Ethnicity,Black or African American,16,12,12,6,16,12,12,NA,17,13,12,6
108904,Mathematics,Race/Ethnicity,Hispanic/Latino,1996,1644,1334,1559,1996,1644,1334,1559,1997,1642,1333,1558
108904,Mathematics,Race/Ethnicity,Other,15,12,12,12,15,12,12,NA,15,11,11,11
108904,Mathematics,Race/Ethnicity,White,35,25,20,25,35,25,20,25,35,24,21,24
108904,Mathematics,Homeless,Homeless,35,18,12,18,35,18,12,18,34,18,12,17
108904,Mathematics,In Foster Care,In Foster Care,11,11,2,11,11,11,NA,11,10,10,2,10
108906,Emergent Literacy Reading,Race/Ethnicity,Black or African American,8,8,5,8,NA,NA,NA,NA,7,7,6,7
108906,Emergent Literacy Reading,Race/Ethnicity,Hispanic/Latino,1053,866,459,731,1053,866,459,731,1055,867,460,733
108906,Emergent Literacy Reading,Race/Ethnicity,Other,21,15,10,6,NA,NA,NA,NA,20,15,9,7
108906,Emergent Literacy Reading,Race/Ethnicity,White,40,32,16,32,40,32,16,32,41,31,15,31
108906,Emergent Literacy Reading,Homeless,Homeless,35,22,6,10,35,22,NA,10,37,23,7,8
108906,Emergent Literacy Reading,In Foster Care,In Foster Care,3,2,1,1,NA,NA,NA,NA,3,1,0,1
108906,Emergent Literacy Writing,Race/Ethnicity,Black or African American,7,7,7,7,NA,NA,NA,NA,6,6,6,6
108906,Emergent Literacy Writing,Race/Ethnicity,Hispanic/Latino,1053,811,757,743,1053,811,757,743,1052,811,759,741
108906,Emergent Literacy Writing,Race/Ethnicity,Other,21,15,5,5,NA,NA,NA,NA,22,14,6,7
108906,Emergent Literacy Writing,Race/Ethnicity,White,40,31,31,31,40,31,31,31,39,32,32,29
108906,Emergent Literacy Writing,Homeless,Homeless,35,21,12,10,35,21,12,10,32,24,12,9
108906,Emergent Literacy Writing,In Foster Care,In Foster Care,6,6,6,5,NA,NA,NA,NA,5,5,5,5
108906,Health and Wellness,Race/Ethnicity,Black or African American,7,7,7,3,NA,NA,NA,NA,7,6,6,3
108906,Health and Wellness,Race/Ethnicity,Hispanic/Latino,1053,837,802,752,1053,837,802,752,1053,836,803,750
108906,Health and Wellness,Race/Ethnicity,Other,21,14,5,9,NA,NA,NA,NA,22,16,6,9
108906,Health and Wellness,Race/Ethnicity,White,40,31,31,31,40,31,31,31,40,32,28,31
108906,Health and Wellness,Homeless,Homeless,35,21,12,11,35,21,12,11,33,20,12,9
108906,Health and Wellness,In Foster Care,In Foster Care,5,5,1,5,NA,NA,NA,NA,5,5,0,5
108906,Language and Communication,Race/Ethnicity,Black or African American,7,7,4,4,NA,NA,NA,NA,10,6,3,4
108906,Language and Communication,Race/Ethnicity,Hispanic/Latino,1053,866,425,623,1053,866,425,623,1051,867,425,624
108906,Language and Communication,Race/Ethnicity,Other,21,15,6,9,NA,NA,NA,NA,20,13,6,10
108906,Language and Communication,Race/Ethnicity,White,40,32,18,32,40,32,18,32,40,32,19,32
108906,Language and Communication,Homeless,Homeless,35,22,11,8,35,22,11,NA,34,20,14,9
108906,Language and Communication,In Foster Care,In Foster Care,3,2,1,1,NA,NA,NA,NA,4,1,1,1
108906,Mathematics,Race/Ethnicity,Black or African American,12,12,11,12,12,12,NA,NA,13,13,9,12
108906,Mathematics,Race/Ethnicity,Hispanic/Latino,1053,861,723,787,1053,861,723,787,1053,861,723,787
108906,Mathematics,Race/Ethnicity,Other,21,15,8,9,21,15,NA,NA,21,13,8,8
108906,Mathematics,Race/Ethnicity,White,40,31,26,31,40,31,26,31,41,30,26,30
108906,Mathematics,Homeless,Homeless,35,22,16,17,35,22,16,17,36,23,16,17
108906,Mathematics,In Foster Care,In Foster Care,6,6,1,6,NA,NA,NA,NA,5,5,1,5
108909,Emergent Literacy Reading,Race/Ethnicity,Black or African American,5,3,1,3,NA,NA,NA,NA,5,3,2,3
108909,Emergent Literacy Reading,Race/Ethnicity,Hispanic/Latino,1988,1704,470,1599,1988,1704,470,1599,1987,1705,472,1598
108909,Emergent Literacy Reading,Race/Ethnicity,Other,4,3,1,2,NA,NA,NA,NA,4,2,1,1
108909,Emergent Literacy Reading,Race/Ethnicity,White,42,34,10,29,42,34,10,29,41,35,11,30
108909,Emergent Literacy Reading,Homeless,Homeless,47,27,6,22,47,27,NA,22,47,27,6,21
108909,Emergent Literacy Reading,In Foster Care,In Foster Care,6,3,1,3,NA,NA,NA,NA,6,2,0,2
108909,Emergent Literacy Writing,Race/Ethnicity,Black or African American,6,6,2,6,NA,NA,NA,NA,8,4,2,4
108909,Emergent Literacy Writing,Race/Ethnicity,Hispanic/Latino,1988,1667,1096,1608,1988,1667,1096,1608,1987,1668,1098,1607
108909,Emergent Literacy Writing,Race/Ethnicity,Other,4,4,2,4,NA,NA,NA,NA,4,3,2,2
108909,Emergent Literacy Writing,Race/Ethnicity,White,42,34,23,26,42,34,23,26,41,34,22,25
108909,Emergent Literacy Writing,Homeless,Homeless,47,24,17,22,47,24,17,22,47,25,18,22
108909,Emergent Literacy Writing,In Foster Care,In Foster Care,11,11,8,11,11,11,NA,11,11,11,9,11
108909,Health and Wellness,Race/Ethnicity,Black or African American,5,5,5,3,NA,NA,NA,NA,6,5,5,2
108909,Health and Wellness,Race/Ethnicity,Hispanic/Latino,1988,1668,1378,1647,1988,1668,1378,1647,1988,1667,1378,1646
108909,Health and Wellness,Race/Ethnicity,Other,7,7,3,7,NA,NA,NA,NA,7,7,2,7
108909,Health and Wellness,Race/Ethnicity,White,42,33,25,27,42,33,25,27,41,35,24,29
108909,Health and Wellness,Homeless,Homeless,47,24,21,22,47,24,21,22,46,23,21,21
108909,Health and Wellness,In Foster Care,In Foster Care,11,11,2,11,11,11,NA,11,10,10,1,10
108909,Language and Communication,Race/Ethnicity,Black or African American,5,3,3,3,NA,NA,NA,NA,4,1,1,1
108909,Language and Communication,Race/Ethnicity,Hispanic/Latino,1988,1704,1445,1636,1988,1704,1445,1636,1990,1705,1448,1638
108909,Language and Communication,Race/Ethnicity,Other,7,7,6,7,NA,NA,NA,NA,6,6,6,6
108909,Language and Communication,Race/Ethnicity,White,42,34,27,27,42,34,27,27,40,32,27,27
108909,Language and Communication,Homeless,Homeless,47,27,18,20,47,27,18,20,48,29,18,20
108909,Language and Communication,In Foster Care,In Foster Care,6,3,2,3,NA,NA,NA,NA,6,4,2,4
108909,Mathematics,Race/Ethnicity,Black or African American,5,2,1,2,NA,NA,NA,NA,5,2,2,1
108909,Mathematics,Race/Ethnicity,Hispanic/Latino,1988,1705,215,1134,1988,1705,215,1134,1988,1705,213,1134
108909,Mathematics,Race/Ethnicity,Other,4,3,1,1,NA,NA,NA,NA,4,3,2,1
108909,Mathematics,Race/Ethnicity,White,42,33,6,19,42,33,NA,19,42,32,6,19
108909,Mathematics,Homeless,Homeless,47,27,3,16,47,27,NA,16,47,26,2,14
108909,Mathematics,In Foster Care,In Foster Care,8,8,0,8,NA,NA,NA,NA,10,9,0,9
123910,Emergent Literacy Reading,Race/Ethnicity,Black or African American,574,371,187,308,574,371,187,308,575,371,189,309
123910,Emergent Literacy Reading,Race/Ethnicity,Hispanic/Latino,216,135,40,100,216,135,40,100,214,137,41,99
123910,Emergent Literacy Reading,Race/Ethnicity,Other,51,22,13,7,51,22,13,NA,50,21,14,8
123910,Emergent Literacy Reading,Race/Ethnicity,White,31,18,10,18,31,18,10,NA,32,17,11,17
123910,Emergent Literacy Reading,Homeless,Homeless,66,28,15,13,66,28,15,13,64,28,16,13
123910,Emergent Literacy Reading,In Foster Care,In Foster Care,6,6,3,6,NA,NA,NA,NA,6,6,2,6
123910,Emergent Literacy Writing,Race/Ethnicity,Black or African American,574,310,269,288,574,310,269,288,575,312,268,289
123910,Emergent Literacy Writing,Race/Ethnicity,Hispanic/Latino,216,116,91,99,216,116,91,99,217,115,89,100
123910,Emergent Literacy Writing,Race/Ethnicity,Other,51,22,6,7,51,22,NA,NA,52,22,6,9
123910,Emergent Literacy Writing,Race/Ethnicity,White,31,18,18,18,31,18,NA,NA,30,18,18,18
123910,Emergent Literacy Writing,Homeless,Homeless,66,28,11,12,66,28,11,12,66,29,11,13
123910,Emergent Literacy Writing,In Foster Care,In Foster Care,6,6,4,3,NA,NA,NA,NA,7,6,4,2
123910,Health and Wellness,Race/Ethnicity,Black or African American,574,292,281,266,574,292,281,266,575,291,281,266
123910,Health and Wellness,Race/Ethnicity,Hispanic/Latino,216,105,85,83,216,105,85,83,215,105,87,84
123910,Health and Wellness,Race/Ethnicity,Other,51,19,17,7,51,19,17,NA,50,18,16,6
123910,Health and Wellness,Race/Ethnicity,White,31,15,15,15,31,15,15,NA,32,14,14,14
123910,Health and Wellness,Homeless,Homeless,66,23,8,9,66,23,NA,NA,68,25,9,10
123910,Health and Wellness,In Foster Care,In Foster Care,6,5,5,2,NA,NA,NA,NA,7,5,4,3
123910,Language and Communication,Race/Ethnicity,Black or African American,574,365,172,272,574,365,172,272,572,366,173,273
123910,Language and Communication,Race/Ethnicity,Hispanic/Latino,216,134,27,69,216,134,27,69,217,134,26,71
123910,Language and Communication,Race/Ethnicity,Other,51,22,6,5,51,22,NA,NA,54,21,6,5
123910,Language and Communication,Race/Ethnicity,White,31,18,10,18,31,18,NA,NA,32,21,12,20
123910,Language and Communication,Homeless,Homeless,66,28,13,18,66,28,13,18,65,27,14,16
123910,Language and Communication,In Foster Care,In Foster Care,6,6,3,6,NA,NA,NA,NA,5,5,2,5
123910,Mathematics,Race/Ethnicity,Black or African American,574,358,311,329,574,358,311,329,574,358,312,328
123910,Mathematics,Race/Ethnicity,Hispanic/Latino,216,123,80,102,216,123,80,102,216,124,78,101
123910,Mathematics,Race/Ethnicity,Other,51,21,6,21,51,21,NA,21,50,21,6,21
123910,Mathematics,Race/Ethnicity,White,31,16,16,16,31,16,NA,16,32,17,17,15
123910,Mathematics,Homeless,Homeless,66,26,10,12,66,26,10,12,64,26,9,12
123910,Mathematics,In Foster Care,In Foster Care,6,6,5,6,NA,NA,NA,NA,6,3,3,3
126903,Emergent Literacy Reading,Race/Ethnicity,Black or African American,15,11,6,11,15,11,NA,11,17,11,6,10
126903,Emergent Literacy Reading,Race/Ethnicity,Hispanic/Latino,168,123,35,82,168,123,35,82,171,122,34,81
126903,Emergent Literacy Reading,Race/Ethnicity,Other,22,20,9,10,22,20,NA,10,22,20,9,10
126903,Emergent Literacy Reading,Race/Ethnicity,White,123,97,40,69,123,97,40,69,124,96,39,71
126903,Emergent Literacy Reading,Homeless,Homeless,35,21,5,16,35,21,NA,16,36,21,6,16
126903,Emergent Literacy Reading,In Foster Care,In Foster Care,9,8,1,1,NA,NA,NA,NA,7,7,1,2
126903,Emergent Literacy Writing,Race/Ethnicity,Black or African American,15,11,11,11,15,11,11,11,15,12,12,11
126903,Emergent Literacy Writing,Race/Ethnicity,Hispanic/Latino,168,127,107,102,168,127,107,102,167,125,107,104
126903,Emergent Literacy Writing,Race/Ethnicity,Other,22,20,18,17,22,20,18,17,24,20,19,17
126903,Emergent Literacy Writing,Race/Ethnicity,White,123,98,89,83,123,98,89,83,122,97,86,83
126903,Emergent Literacy Writing,Homeless,Homeless,35,21,7,6,35,21,NA,NA,34,21,7,6
126903,Emergent Literacy Writing,In Foster Care,In Foster Care,9,8,8,8,NA,NA,NA,NA,8,7,7,7
126903,Health and Wellness,Race/Ethnicity,Black or African American,15,11,11,11,15,11,11,11,17,12,10,12
126903,Health and Wellness,Race/Ethnicity,Hispanic/Latino,168,128,128,109,168,128,128,109,168,128,127,108
126903,Health and Wellness,Race/Ethnicity,Other,22,20,20,11,22,20,20,11,22,21,18,12
126903,Health and Wellness,Race/Ethnicity,White,123,98,67,85,123,98,67,85,124,98,67,85
126903,Health and Wellness,Homeless,Homeless,35,21,7,6,35,21,NA,NA,37,21,6,4
126903,Health and Wellness,In Foster Care,In Foster Care,9,8,8,8,NA,NA,NA,NA,10,6,6,6
126903,Language and Communication,Race/Ethnicity,Black or African American,15,11,5,6,15,11,NA,NA,14,10,7,4
126903,Language and Communication,Race/Ethnicity,Hispanic/Latino,168,116,59,63,168,116,59,63,168,116,60,60
126903,Language and Communication,Race/Ethnicity,Other,22,20,9,15,22,20,NA,NA,23,20,8,14
126903,Language and Communication,Race/Ethnicity,White,123,95,59,64,123,95,59,64,122,95,60,65
126903,Language and Communication,Homeless,Homeless,35,21,13,12,35,21,13,12,35,23,10,12
126903,Language and Communication,In Foster Care,In Foster Care,9,8,1,1,NA,NA,NA,NA,9,9,0,1
126903,Mathematics,Race/Ethnicity,Black or African American,15,11,11,11,15,11,11,11,14,11,11,9
126903,Mathematics,Race/Ethnicity,Hispanic/Latino,168,121,90,94,168,121,90,94,169,122,88,94
126903,Mathematics,Race/Ethnicity,Other,22,19,15,11,22,19,15,11,22,20,16,12
126903,Mathematics,Race/Ethnicity,White,123,96,87,81,123,96,87,81,123,96,87,81
126903,Mathematics,Homeless,Homeless,35,21,16,6,35,21,16,NA,34,21,16,6
126903,Mathematics,In Foster Care,In Foster Care,9,8,8,2,NA,NA,NA,NA,10,8,8,2
126905,Emergent Literacy Reading,Race/Ethnicity,Black or African American,5,3,1,3,NA,NA,NA,NA,5,4,2,2
126905,Emergent Literacy Reading,Race/Ethnicity,Hispanic/Latino,105,91,21,80,105,91,21,80,106,92,21,80
126905,Emergent Literacy Reading,Race/Ethnicity,Other,3,2,1,2,NA,NA,NA,NA,3,2,2,2
126905,Emergent Literacy Reading,Race/Ethnicity,White,71,64,15,54,71,64,15,54,68,61,14,54
126905,Emergent Literacy Reading,Homeless,Homeless,7,5,1,4,NA,NA,NA,NA,5,5,1,4
126905,Emergent Literacy Reading,In Foster Care,In Foster Care,6,1,0,1,NA,NA,NA,NA,7,1,0,1
126905,Emergent Literacy Writing,Race/Ethnicity,Black or African American,5,3,3,3,NA,NA,NA,NA,7,4,2,4
126905,Emergent Literacy Writing,Race/Ethnicity,Hispanic/Latino,105,91,72,84,105,91,72,84,104,91,71,84
126905,Emergent Literacy Writing,Race/Ethnicity,Other,3,2,2,2,NA,NA,NA,NA,3,2,1,2
126905,Emergent Literacy Writing,Race/Ethnicity,White,71,64,48,53,71,64,48,53,73,65,48,55
126905,Emergent Literacy Writing,Homeless,Homeless,7,5,4,4,NA,NA,NA,NA,7,4,4,1
126905,Emergent Literacy Writing,In Foster Care,In Foster Care,6,1,1,1,NA,NA,NA,NA,5,1,1,1
126905,Health and Wellness,Race/Ethnicity,Black or African American,22,22,22,3,22,22,22,NA,24,20,20,3
126905,Health and Wellness,Race/Ethnicity,Hispanic/Latino,105,91,83,81,105,91,83,81,107,90,84,82
126905,Health and Wellness,Race/Ethnicity,Other,17,17,17,2,17,17,17,NA,18,17,17,3
126905,Health and Wellness,Race/Ethnicity,White,71,64,26,55,71,64,26,55,71,66,26,56
126905,Health and Wellness,Homeless,Homeless,7,5,4,4,NA,NA,NA,NA,7,3,3,3
126905,Health and Wellness,In Foster Care,In Foster Care,6,1,1,1,NA,NA,NA,NA,6,2,0,0
126905,Language and Communication,Race/Ethnicity,Black or African American,5,3,1,2,NA,NA,NA,NA,6,3,0,3
126905,Language and Communication,Race/Ethnicity,Hispanic/Latino,105,91,29,77,105,91,29,77,105,92,28,77
126905,Language and Communication,Race/Ethnicity,Other,3,2,1,2,NA,NA,NA,NA,3,3,1,2
126905,Language and Communication,Race/Ethnicity,White,71,64,26,57,71,64,26,57,70,63,26,57
126905,Language and Communication,Homeless,Homeless,7,5,2,4,NA,NA,NA,NA,8,6,1,3
126905,Language and Communication,In Foster Care,In Foster Care,6,1,1,1,NA,NA,NA,NA,4,2,1,1
126905,Mathematics,Race/Ethnicity,Black or African American,21,21,2,21,21,21,NA,21,19,19,1,19
126905,Mathematics,Race/Ethnicity,Hispanic/Latino,105,92,53,56,105,92,53,56,103,93,53,54
126905,Mathematics,Race/Ethnicity,Other,16,16,1,16,16,16,NA,16,16,16,2,14
126905,Mathematics,Race/Ethnicity,White,71,64,52,57,71,64,52,57,71,65,54,59
126905,Mathematics,Homeless,Homeless,7,5,3,4,NA,NA,NA,NA,6,6,4,4
126905,Mathematics,In Foster Care,In Foster Care,6,1,1,1,NA,NA,NA,NA,7,1,1,1
129901,Emergent Literacy Reading,Race/Ethnicity,Black or African American,102,82,49,70,102,82,49,70,101,82,49,70
129901,Emergent Literacy Reading,Race/Ethnicity,Hispanic/Latino,170,154,52,106,170,154,52,106,171,154,52,106
129901,Emergent Literacy Reading,Race/Ethnicity,Other,17,14,7,12,17,14,NA,12,18,14,6,12
129901,Emergent Literacy Reading,Race/Ethnicity,White,42,38,17,27,42,38,NA,27,40,38,18,26
129901,Emergent Literacy Reading,Homeless,Homeless,11,7,2,5,11,NA,NA,NA,11,7,1,7
129901,Emergent Literacy Reading,In Foster Care,In Foster Care,13,8,1,1,13,NA,NA,NA,13,9,1,2
129901,Emergent Literacy Writing,Race/Ethnicity,Black or African American,102,82,73,73,102,82,73,73,100,82,72,73
129901,Emergent Literacy Writing,Race/Ethnicity,Hispanic/Latino,170,153,136,123,170,153,136,123,169,154,135,124
129901,Emergent Literacy Writing,Race/Ethnicity,Other,17,14,14,14,17,14,14,14,16,15,14,12
129901,Emergent Literacy Writing,Race/Ethnicity,White,42,39,22,34,42,39,22,34,41,39,24,36
129901,Emergent Literacy Writing,Homeless,Homeless,11,7,6,5,11,NA,NA,NA,11,8,7,5
129901,Emergent Literacy Writing,In Foster Care,In Foster Care,13,8,2,8,13,NA,NA,NA,12,7,3,7
129901,Health and Wellness,Race/Ethnicity,Black or African American,102,82,54,51,102,82,54,51,102,84,55,50
129901,Health and Wellness,Race/Ethnicity,Hispanic/Latino,170,152,143,142,170,152,143,142,169,150,144,141
129901,Health and Wellness,Race/Ethnicity,Other,17,14,14,14,17,14,14,14,18,16,16,11
129901,Health and Wellness,Race/Ethnicity,White,42,39,39,39,42,39,39,39,41,38,38,38
129901,Health and Wellness,Homeless,Homeless,11,7,6,6,11,NA,NA,NA,11,7,5,6
129901,Health and Wellness,In Foster Care,In Foster Care,13,8,8,8,13,NA,NA,NA,14,6,6,6
129901,Language and Communication,Race/Ethnicity,Black or African American,102,82,46,63,102,82,46,63,101,81,47,64
129901,Language and Communication,Race/Ethnicity,Hispanic/Latino,170,153,59,100,170,153,59,100,171,153,59,102
129901,Language and Communication,Race/Ethnicity,Other,17,14,10,12,17,14,10,12,18,13,10,10
129901,Language and Communication,Race/Ethnicity,White,42,39,19,34,42,39,19,34,43,37,19,32
129901,Language and Communication,Homeless,Homeless,11,7,3,5,11,NA,NA,NA,12,6,2,4
129901,Language and Communication,In Foster Care,In Foster Care,13,8,1,1,13,NA,NA,NA,14,8,0,1
129901,Mathematics,Race/Ethnicity,Black or African American,102,81,73,52,102,81,73,52,103,82,74,52
129901,Mathematics,Race/Ethnicity,Hispanic/Latino,170,149,103,127,170,149,103,127,170,149,104,126
129901,Mathematics,Race/Ethnicity,Other,17,14,12,14,17,14,12,14,16,14,11,14
129901,Mathematics,Race/Ethnicity,White,42,39,33,35,42,39,33,35,42,38,31,34
129901,Mathematics,Homeless,Homeless,11,7,5,6,11,NA,NA,NA,12,8,5,6
129901,Mathematics,In Foster Care,In Foster Care,13,8,2,2,13,NA,NA,NA,13,6,1,1
129903,Emergent Literacy Reading,Race/Ethnicity,Black or African American,15,10,5,10,15,NA,NA,NA,14,10,4,8
129903,Emergent Literacy Reading,Race/Ethnicity,Hispanic/Latino,127,116,39,106,127,116,39,106,126,118,37,106
129903,Emergent Literacy Reading,Race/Ethnicity,Other,10,9,4,9,10,NA,NA,NA,10,8,4,7
129903,Emergent Literacy Reading,Race/Ethnicity,White,57,53,19,17,57,53,19,17,57,51,20,17
129903,Emergent Literacy Reading,Homeless,Homeless,5,4,1,4,NA,NA,NA,NA,4,4,1,4
129903,Emergent Literacy Reading,In Foster Care,In Foster Care,2,1,0,1,NA,NA,NA,NA,2,1,0,1
129903,Emergent Literacy Writing,Race/Ethnicity,Black or African American,15,10,5,10,15,NA,NA,NA,14,9,6,9
129903,Emergent Literacy Writing,Race/Ethnicity,Hispanic/Latino,127,117,101,111,127,117,101,111,129,118,102,110
129903,Emergent Literacy Writing,Race/Ethnicity,Other,10,9,8,9,10,NA,NA,NA,11,10,10,7
129903,Emergent Literacy Writing,Race/Ethnicity,White,57,52,42,23,57,52,42,23,59,52,43,24
129903,Emergent Literacy Writing,Homeless,Homeless,5,4,3,4,NA,NA,NA,NA,5,3,2,3
129903,Emergent Literacy Writing,In Foster Care,In Foster Care,2,1,1,1,NA,NA,NA,NA,3,1,1,1
129903,Health and Wellness,Race/Ethnicity,Black or African American,15,10,10,9,15,NA,NA,NA,12,11,10,10
129903,Health and Wellness,Race/Ethnicity,Hispanic/Latino,127,117,111,110,127,117,111,110,127,116,110,108
129903,Health and Wellness,Race/Ethnicity,Other,10,9,9,8,10,NA,NA,NA,10,7,7,7
129903,Health and Wellness,Race/Ethnicity,White,57,52,24,47,57,52,24,47,58,53,23,48
129903,Health and Wellness,Homeless,Homeless,5,4,4,4,NA,NA,NA,NA,6,6,3,2
129903,Health and Wellness,In Foster Care,In Foster Care,2,1,1,1,NA,NA,NA,NA,3,1,0,0
129903,Language and Communication,Race/Ethnicity,Black or African American,15,10,5,9,15,NA,NA,NA,14,11,3,11
129903,Language and Communication,Race/Ethnicity,Hispanic/Latino,127,116,62,78,127,116,62,78,128,117,61,79
129903,Language and Communication,Race/Ethnicity,Other,10,9,3,7,10,NA,NA,NA,9,9,4,8
129903,Language and Communication,Race/Ethnicity,White,57,54,22,45,57,54,22,45,54,54,23,46
129903,Language and Communication,Homeless,Homeless,5,4,2,3,NA,NA,NA,NA,5,3,1,2
129903,Language and Communication,In Foster Care,In Foster Care,2,1,1,1,NA,NA,NA,NA,2,2,2,1
129903,Mathematics,Race/Ethnicity,Black or African American,15,9,8,9,15,NA,NA,NA,16,10,7,10
129903,Mathematics,Race/Ethnicity,Hispanic/Latino,127,116,79,106,127,116,79,106,126,115,79,108
129903,Mathematics,Race/Ethnicity,Other,10,9,7,9,10,NA,NA,NA,10,9,7,9
129903,Mathematics,Race/Ethnicity,White,57,53,41,27,57,53,41,27,55,55,44,27
129903,Mathematics,Homeless,Homeless,5,4,3,4,NA,NA,NA,NA,4,4,2,3
129903,Mathematics,In Foster Care,In Foster Care,2,1,1,1,NA,NA,NA,NA,3,2,1,1
130901,Emergent Literacy Reading,Race/Ethnicity,Black or African American,9,9,7,9,NA,NA,NA,NA,10,10,7,8
130901,Emergent Literacy Reading,Race/Ethnicity,Hispanic/Latino,99,78,32,57,99,78,32,57,98,78,33,57
130901,Emergent Literacy Reading,Race/Ethnicity,Other,18,8,6,7,NA,NA,NA,NA,19,9,7,7
130901,Emergent Literacy Reading,Race/Ethnicity,White,44,32,17,26,44,32,17,26,43,30,16,25
130901,Emergent Literacy Reading,Homeless,Homeless,9,5,2,3,NA,NA,NA,NA,10,6,4,3
130901,Emergent Literacy Reading,In Foster Care,In Foster Care,8,1,1,1,NA,NA,NA,NA,6,2,1,0
130901,Emergent Literacy Writing,Race/Ethnicity,Black or African American,13,13,13,13,13,13,13,13,12,12,12,12
130901,Emergent Literacy Writing,Race/Ethnicity,Hispanic/Latino,99,79,66,68,99,79,66,68,100,78,68,69
130901,Emergent Literacy Writing,Race/Ethnicity,Other,18,14,13,14,18,14,13,14,17,13,13,13
130901,Emergent Literacy Writing,Race/Ethnicity,White,44,34,21,21,44,34,21,21,45,33,21,21
130901,Emergent Literacy Writing,Homeless,Homeless,9,5,3,3,NA,NA,NA,NA,9,5,2,2
130901,Emergent Literacy Writing,In Foster Care,In Foster Care,8,1,1,1,NA,NA,NA,NA,7,1,1,0
130901,Health and Wellness,Race/Ethnicity,Black or African American,12,12,8,12,12,12,NA,12,14,11,8,11
130901,Health and Wellness,Race/Ethnicity,Hispanic/Latino,99,79,74,67,99,79,74,67,98,78,74,67
130901,Health and Wellness,Race/Ethnicity,Other,18,13,7,13,18,13,NA,13,18,14,7,13
130901,Health and Wellness,Race/Ethnicity,White,44,34,34,21,44,34,34,21,43,34,34,21
130901,Health and Wellness,Homeless,Homeless,9,5,5,5,NA,NA,NA,NA,8,6,6,5
130901,Health and Wellness,In Foster Care,In Foster Care,8,1,1,1,NA,NA,NA,NA,9,1,0,0
130901,Language and Communication,Race/Ethnicity,Black or African American,12,12,4,12,12,12,NA,12,11,11,4,11
130901,Language and Communication,Race/Ethnicity,Hispanic/Latino,99,78,48,47,99,78,48,47,100,79,48,48
130901,Language and Communication,Race/Ethnicity,Other,18,10,4,10,18,10,NA,10,19,9,3,8
130901,Language and Communication,Race/Ethnicity,White,44,32,25,19,44,32,25,19,44,30,26,21
130901,Language and Communication,Homeless,Homeless,9,5,2,3,NA,NA,NA,NA,9,6,2,4
130901,Language and Communication,In Foster Care,In Foster Care,8,1,1,1,NA,NA,NA,NA,9,2,1,2
130901,Mathematics,Race/Ethnicity,Black or African American,14,14,8,14,14,14,NA,14,15,13,6,12
130901,Mathematics,Race/Ethnicity,Hispanic/Latino,99,76,62,66,99,76,62,66,98,78,64,66
130901,Mathematics,Race/Ethnicity,Other,18,12,7,12,18,12,NA,12,17,12,6,12
130901,Mathematics,Race/Ethnicity,White,44,33,28,21,44,33,28,21,44,32,28,20
130901,Mathematics,Homeless,Homeless,9,5,3,3,NA,NA,NA,NA,10,3,3,3
130901,Mathematics,In Foster Care,In Foster Care,8,1,1,1,NA,NA,NA,NA,8,4,1,3
133903,Emergent Literacy Reading,Race/Ethnicity,Black or African American,5,5,2,2,NA,NA,NA,NA,4,4,1,3
133903,Emergent Literacy Reading,Race/Ethnicity,Hispanic/Latino,75,69,29,49,75,69,29,49,72,69,29,48
133903,Emergent Literacy Reading,Race/Ethnicity,Other,4,3,2,2,NA,NA,NA,NA,5,4,0,1
133903,Emergent Literacy Reading,Race/Ethnicity,White,40,38,16,23,40,38,16,23,39,39,14,23
133903,Emergent Literacy Reading,Homeless,Homeless,5,4,1,2,NA,NA,NA,NA,5,3,2,3
133903,Emergent Literacy Reading,In Foster Care,In Foster Care,2,1,0,1,NA,NA,NA,NA,2,1,0,1
133903,Emergent Literacy Writing,Race/Ethnicity,Black or African American,5,5,1,4,NA,NA,NA,NA,5,5,2,4
133903,Emergent Literacy Writing,Race/Ethnicity,Hispanic/Latino,75,69,26,64,75,69,26,64,74,69,26,65
133903,Emergent Literacy Writing,Race/Ethnicity,Other,4,3,1,3,NA,NA,NA,NA,5,4,0,4
133903,Emergent Literacy Writing,Race/Ethnicity,White,40,38,11,33,40,38,11,33,40,38,11,32
133903,Emergent Literacy Writing,Homeless,Homeless,5,4,1,3,NA,NA,NA,NA,6,3,0,2
133903,Emergent Literacy Writing,In Foster Care,In Foster Care,2,1,0,1,NA,NA,NA,NA,1,1,0,1
133903,Health and Wellness,Race/Ethnicity,Black or African American,5,4,1,2,NA,NA,NA,NA,6,3,0,3
133903,Health and Wellness,Race/Ethnicity,Hispanic/Latino,75,69,35,58,75,69,35,58,74,70,36,57
133903,Health and Wellness,Race/Ethnicity,Other,4,4,1,3,NA,NA,NA,NA,6,5,0,3
133903,Health and Wellness,Race/Ethnicity,White,40,37,14,31,40,37,14,31,42,38,14,30
133903,Health and Wellness,Homeless,Homeless,5,4,2,3,NA,NA,NA,NA,4,4,3,3
133903,Health and Wellness,In Foster Care,In Foster Care,2,1,0,1,NA,NA,NA,NA,1,1,0,1
133903,Language and Communication,Race/Ethnicity,Black or African American,5,5,2,3,NA,NA,NA,NA,5,4,2,3
133903,Language and Communication,Race/Ethnicity,Hispanic/Latino,75,69,44,53,75,69,44,53,75,67,45,53
133903,Language and Communication,Race/Ethnicity,Other,4,3,1,2,NA,NA,NA,NA,4,2,0,2
133903,Language and Communication,Race/Ethnicity,White,40,38,23,30,40,38,23,30,41,39,23,29
133903,Language and Communication,Homeless,Homeless,5,4,2,3,NA,NA,NA,NA,5,4,3,3
133903,Language and Communication,In Foster Care,In Foster Care,2,1,1,1,NA,NA,NA,NA,2,1,0,1
133903,Mathematics,Race/Ethnicity,Black or African American,5,5,3,2,NA,NA,NA,NA,4,4,1,2
133903,Mathematics,Race/Ethnicity,Hispanic/Latino,75,69,63,61,75,69,63,61,74,70,61,61
133903,Mathematics,Race/Ethnicity,Other,4,3,2,2,NA,NA,NA,NA,4,3,1,0
133903,Mathematics,Race/Ethnicity,White,40,38,29,31,40,38,29,31,40,38,27,31
133903,Mathematics,Homeless,Homeless,5,4,3,3,NA,NA,NA,NA,7,5,2,1
133903,Mathematics,In Foster Care,In Foster Care,2,1,1,1,NA,NA,NA,NA,1,1,0,1
146901,Emergent Literacy Reading,Race/Ethnicity,Black or African American,29,18,10,15,29,18,NA,NA,27,17,10,14
146901,Emergent Literacy Reading,Race/Ethnicity,Hispanic/Latino,613,485,118,430,613,485,118,430,612,485,117,429
146901,Emergent Literacy Reading,Race/Ethnicity,Other,14,11,2,9,14,11,NA,NA,16,11,2,9
146901,Emergent Literacy Reading,Race/Ethnicity,White,95,75,25,70,95,75,25,70,96,74,26,70
146901,Emergent Literacy Reading,Homeless,Homeless,14,14,4,14,14,14,NA,14,13,13,4,12
146901,Emergent Literacy Reading,In Foster Care,In Foster Care,4,2,1,2,NA,NA,NA,NA,5,4,2,3
146901,Emergent Literacy Writing,Race/Ethnicity,Black or African American,29,17,15,14,29,17,NA,NA,30,18,17,16
146901,Emergent Literacy Writing,Race/Ethnicity,Hispanic/Latino,613,476,402,423,613,476,402,423,612,477,403,423
146901,Emergent Literacy Writing,Race/Ethnicity,Other,14,11,9,8,14,11,NA,NA,14,10,9,8
146901,Emergent Literacy Writing,Race/Ethnicity,White,95,73,66,67,95,73,66,67,96,75,66,69
146901,Emergent Literacy Writing,Homeless,Homeless,14,14,14,14,14,14,14,14,14,13,12,13
146901,Emergent Literacy Writing,In Foster Care,In Foster Care,4,2,2,2,NA,NA,NA,NA,6,1,1,1
146901,Health and Wellness,Race/Ethnicity,Black or African American,29,18,18,18,29,18,18,18,29,20,18,19
146901,Health and Wellness,Race/Ethnicity,Hispanic/Latino,613,478,463,448,613,478,463,448,613,478,462,447
146901,Health and Wellness,Race/Ethnicity,Other,14,11,11,11,14,11,11,11,13,10,10,10
146901,Health and Wellness,Race/Ethnicity,White,95,75,21,21,95,75,21,21,96,74,22,20
146901,Health and Wellness,Homeless,Homeless,15,15,15,14,15,15,15,14,17,16,15,16
146901,Health and Wellness,In Foster Care,In Foster Care,4,2,2,2,NA,NA,NA,NA,4,3,2,3
146901,Language and Communication,Race/Ethnicity,Black or African American,29,18,10,13,29,18,NA,NA,30,19,10,13
146901,Language and Communication,Race/Ethnicity,Hispanic/Latino,613,486,262,321,613,486,262,321,615,485,261,320
146901,Language and Communication,Race/Ethnicity,Other,14,11,4,8,14,11,NA,NA,13,12,4,8
146901,Language and Communication,Race/Ethnicity,White,95,76,56,63,95,76,56,63,95,76,56,63
146901,Language and Communication,Homeless,Homeless,12,12,9,12,12,12,NA,12,16,9,8,9
146901,Language and Communication,In Foster Care,In Foster Care,4,2,1,2,NA,NA,NA,NA,5,1,1,1
146901,Mathematics,Race/Ethnicity,Black or African American,29,17,17,17,29,17,NA,17,29,16,15,16
146901,Mathematics,Race/Ethnicity,Hispanic/Latino,613,475,371,437,613,475,371,437,612,475,373,438
146901,Mathematics,Race/Ethnicity,Other,14,11,7,11,14,11,NA,11,16,11,8,11
146901,Mathematics,Race/Ethnicity,White,95,72,63,34,95,72,63,34,96,70,62,34
146901,Mathematics,Homeless,Homeless,15,15,12,15,15,15,12,15,14,13,12,13
146901,Mathematics,In Foster Care,In Foster Care,4,2,2,2,NA,NA,NA,NA,4,3,2,0
152901,Emergent Literacy Reading,Race/Ethnicity,Black or African American,158,132,47,98,158,132,47,98,158,130,46,96
152901,Emergent Literacy Reading,Race/Ethnicity,Hispanic/Latino,797,667,168,554,797,667,168,554,796,667,170,554
152901,Emergent Literacy Reading,Race/Ethnicity,Other,69,63,34,58,69,63,34,58,68,64,34,57
152901,Emergent Literacy Reading,Race/Ethnicity,White,217,187,88,161,217,187,88,161,218,187,88,162
152901,Emergent Literacy Reading,Homeless,Homeless,71,42,11,31,71,42,11,31,70,42,13,30
152901,Emergent Literacy Reading,In Foster Care,In Foster Care,18,15,7,14,18,15,NA,14,19,15,8,14
152901,Emergent Literacy Writing,Race/Ethnicity,Black or African American,158,135,119,120,158,135,119,120,156,134,119,120
152901,Emergent Literacy Writing,Race/Ethnicity,Hispanic/Latino,797,672,615,625,797,672,615,625,797,673,615,627
152901,Emergent Literacy Writing,Race/Ethnicity,Other,69,63,58,61,69,63,58,61,68,62,58,61
152901,Emergent Literacy Writing,Race/Ethnicity,White,217,188,180,177,217,188,180,177,217,188,179,177
152901,Emergent Literacy Writing,Homeless,Homeless,71,42,37,35,71,42,37,35,69,43,37,38
152901,Emergent Literacy Writing,In Foster Care,In Foster Care,18,15,7,7,18,15,NA,NA,19,15,8,6
152901,Health and Wellness,Race/Ethnicity,Black or African American,158,136,131,119,158,136,131,119,159,135,131,120
152901,Health and Wellness,Race/Ethnicity,Hispanic/Latino,797,674,651,632,797,674,651,632,797,672,651,632
152901,Health and Wellness,Race/Ethnicity,Other,69,63,37,61,69,63,37,61,66,61,38,61
152901,Health and Wellness,Race/Ethnicity,White,217,189,189,178,217,189,189,178,216,190,190,179
152901,Health and Wellness,Homeless,Homeless,71,42,27,37,71,42,27,37,69,40,27,37
152901,Health and Wellness,In Foster Care,In Foster Care,18,14,14,14,18,14,14,14,20,14,14,14
152901,Language and Communication,Race/Ethnicity,Black or African American,158,132,56,93,158,132,56,93,159,133,55,92
152901,Language and Communication,Race/Ethnicity,Hispanic/Latino,797,666,265,467,797,666,265,467,796,666,265,467
152901,Language and Communication,Race/Ethnicity,Other,69,63,32,50,69,63,32,50,69,64,29,51
152901,Language and Communication,Race/Ethnicity,White,217,187,105,171,217,187,105,171,217,188,104,170
152901,Language and Communication,Homeless,Homeless,71,42,14,27,71,42,14,27,70,43,15,28
152901,Language and Communication,In Foster Care,In Foster Care,18,14,5,13,18,14,NA,13,18,14,4,14
152901,Mathematics,Race/Ethnicity,Black or African American,158,131,84,115,158,131,84,115,158,132,83,114
152901,Mathematics,Race/Ethnicity,Hispanic/Latino,797,657,409,595,797,657,409,595,800,657,410,594
152901,Mathematics,Race/Ethnicity,Other,69,63,50,60,69,63,50,60,70,62,51,59
152901,Mathematics,Race/Ethnicity,White,217,187,161,179,217,187,161,179,219,188,160,181
152901,Mathematics,Homeless,Homeless,71,41,25,19,71,41,25,19,69,43,24,18
152901,Mathematics,In Foster Care,In Foster Care,18,14,11,7,18,14,11,NA,18,14,10,4
152907,Emergent Literacy Reading,Race/Ethnicity,Black or African American,30,26,11,18,30,26,11,18,30,27,11,20
152907,Emergent Literacy Reading,Race/Ethnicity,Hispanic/Latino,251,208,66,142,251,208,66,142,251,207,68,142
152907,Emergent Literacy Reading,Race/Ethnicity,Other,30,26,16,23,30,26,16,23,30,25,14,24
152907,Emergent Literacy Reading,Race/Ethnicity,White,123,104,49,90,123,104,49,90,123,104,48,89
152907,Emergent Literacy Reading,Homeless,Homeless,13,7,2,5,13,NA,NA,NA,14,6,5,3
152907,Emergent Literacy Reading,In Foster Care,In Foster Care,12,12,3,4,12,12,NA,NA,12,12,3,3
152907,Emergent Literacy Writing,Race/Ethnicity,Black or African American,30,25,25,20,30,25,25,20,30,26,24,20
152907,Emergent Literacy Writing,Race/Ethnicity,Hispanic/Latino,251,207,193,186,251,207,193,186,250,207,191,186
152907,Emergent Literacy Writing,Race/Ethnicity,Other,30,26,18,25,30,26,18,25,31,28,18,23
152907,Emergent Literacy Writing,Race/Ethnicity,White,123,104,104,98,123,104,104,98,123,103,103,98
152907,Emergent Literacy Writing,Homeless,Homeless,13,8,7,7,13,NA,NA,NA,13,8,7,7
152907,Emergent Literacy Writing,In Foster Care,In Foster Care,12,12,12,2,12,12,12,NA,11,11,11,3
152907,Health and Wellness,Race/Ethnicity,Black or African American,30,25,24,25,30,25,24,25,31,23,23,23
152907,Health and Wellness,Race/Ethnicity,Hispanic/Latino,251,207,207,192,251,207,207,192,251,206,206,194
152907,Health and Wellness,Race/Ethnicity,Other,30,26,16,20,30,26,16,20,29,27,16,19
152907,Health and Wellness,Race/Ethnicity,White,123,104,88,97,123,104,88,97,121,104,90,95
152907,Health and Wellness,Homeless,Homeless,13,9,9,7,13,NA,NA,NA,12,10,9,7
152907,Health and Wellness,In Foster Care,In Foster Care,12,12,12,5,12,12,12,NA,14,12,11,5
152907,Language and Communication,Race/Ethnicity,Black or African American,30,26,8,17,30,26,NA,17,30,26,9,19
152907,Language and Communication,Race/Ethnicity,Hispanic/Latino,251,207,118,145,251,207,118,145,250,208,120,143
152907,Language and Communication,Race/Ethnicity,Other,30,26,17,19,30,26,NA,19,30,25,17,20
152907,Language and Communication,Race/Ethnicity,White,123,104,72,94,123,104,72,94,123,105,73,96
152907,Language and Communication,Homeless,Homeless,13,7,4,5,13,NA,NA,NA,14,7,1,3
152907,Language and Communication,In Foster Care,In Foster Care,12,12,4,12,12,12,NA,12,13,13,5,12
152907,Mathematics,Race/Ethnicity,Black or African American,30,26,20,21,30,26,20,21,30,24,21,21
152907,Mathematics,Race/Ethnicity,Hispanic/Latino,251,208,173,169,251,208,173,169,250,207,174,167
152907,Mathematics,Race/Ethnicity,Other,30,26,18,18,30,26,18,18,31,26,19,16
152907,Mathematics,Race/Ethnicity,White,123,104,104,104,123,104,104,104,124,103,103,103
152907,Mathematics,Homeless,Homeless,13,7,6,6,13,NA,NA,NA,13,7,5,6
152907,Mathematics,In Foster Care,In Foster Care,12,12,12,12,12,12,12,12,11,11,8,11
161914,Emergent Literacy Reading,Race/Ethnicity,Black or African American,241,179,85,139,241,179,85,139,239,178,86,138
161914,Emergent Literacy Reading,Race/Ethnicity,Hispanic/Latino,477,409,162,350,477,409,162,350,478,408,162,351
161914,Emergent Literacy Reading,Race/Ethnicity,Other,29,25,8,18,29,25,NA,18,29,26,6,17
161914,Emergent Literacy Reading,Race/Ethnicity,White,66,52,27,45,66,52,NA,45,66,50,29,46
161914,Emergent Literacy Reading,Homeless,Homeless,54,36,14,27,54,36,14,27,53,34,13,28
161914,Emergent Literacy Reading,In Foster Care,In Foster Care,8,8,5,8,NA,NA,NA,NA,7,7,5,7
161914,Emergent Literacy Writing,Race/Ethnicity,Black or African American,241,175,155,149,241,175,155,149,242,177,156,150
161914,Emergent Literacy Writing,Race/Ethnicity,Hispanic/Latino,477,392,376,370,477,392,376,370,478,391,376,368
161914,Emergent Literacy Writing,Race/Ethnicity,Other,29,24,20,19,29,24,20,19,30,23,21,20
161914,Emergent Literacy Writing,Race/Ethnicity,White,66,50,50,50,66,50,50,50,66,50,49,50
161914,Emergent Literacy Writing,Homeless,Homeless,54,35,13,13,54,35,13,13,54,36,14,14
161914,Emergent Literacy Writing,In Foster Care,In Foster Care,7,7,4,7,NA,NA,NA,NA,8,7,3,7
161914,Health and Wellness,Race/Ethnicity,Black or African American,241,177,162,137,241,177,162,137,240,179,165,137
161914,Health and Wellness,Race/Ethnicity,Hispanic/Latino,477,408,397,373,477,408,397,373,477,409,396,374
161914,Health and Wellness,Race/Ethnicity,Other,29,25,21,19,29,25,21,19,29,27,21,18
161914,Health and Wellness,Race/Ethnicity,White,66,50,50,48,66,50,50,48,67,49,49,49
161914,Health and Wellness,Homeless,Homeless,54,35,16,30,54,35,16,30,52,36,16,30
161914,Health and Wellness,In Foster Care,In Foster Care,8,8,5,8,NA,NA,NA,NA,9,7,4,7
161914,Language and Communication,Race/Ethnicity,Black or African American,241,177,46,89,241,177,46,89,242,176,44,89
161914,Language and Communication,Race/Ethnicity,Hispanic/Latino,477,409,146,201,477,409,146,201,476,407,143,202
161914,Language and Communication,Race/Ethnicity,Other,29,24,10,12,29,24,10,12,31,24,10,13
161914,Language and Communication,Race/Ethnicity,White,66,51,25,29,66,51,25,29,65,52,24,28
161914,Language and Communication,Homeless,Homeless,54,36,14,20,54,36,14,20,54,35,15,21
161914,Language and Communication,In Foster Care,In Foster Care,6,6,3,5,NA,NA,NA,NA,6,6,3,6
161914,Mathematics,Race/Ethnicity,Black or African American,241,179,138,142,241,179,138,142,241,177,137,143
161914,Mathematics,Race/Ethnicity,Hispanic/Latino,477,405,261,355,477,405,261,355,476,406,259,353
161914,Mathematics,Race/Ethnicity,Other,29,24,18,19,29,24,18,19,28,26,16,19
161914,Mathematics,Race/Ethnicity,White,66,51,43,44,66,51,43,44,65,51,41,43
161914,Mathematics,Homeless,Homeless,54,34,24,28,54,34,24,28,54,33,22,28
161914,Mathematics,In Foster Care,In Foster Care,8,8,7,8,NA,NA,NA,NA,8,8,8,6
165901,Emergent Literacy Reading,Race/Ethnicity,Black or African American,97,80,47,73,97,80,47,73,98,81,48,73
165901,Emergent Literacy Reading,Race/Ethnicity,Hispanic/Latino,927,766,192,707,927,766,192,707,927,768,192,706
165901,Emergent Literacy Reading,Race/Ethnicity,Other,66,54,31,42,66,54,31,42,65,54,30,41
165901,Emergent Literacy Reading,Race/Ethnicity,White,143,114,46,114,143,114,46,114,142,113,47,113
165901,Emergent Literacy Reading,Homeless,Homeless,73,52,13,43,73,52,13,43,74,52,13,41
165901,Emergent Literacy Reading,In Foster Care,In Foster Care,7,6,2,6,NA,NA,NA,NA,6,6,3,5
165901,Emergent Literacy Writing,Race/Ethnicity,Black or African American,97,81,64,69,97,81,64,69,95,81,63,68
165901,Emergent Literacy Writing,Race/Ethnicity,Hispanic/Latino,927,768,550,702,927,768,550,702,928,769,549,703
165901,Emergent Literacy Writing,Race/Ethnicity,Other,66,54,45,54,66,54,45,54,67,56,44,54
165901,Emergent Literacy Writing,Race/Ethnicity,White,143,114,93,104,143,114,93,104,142,115,93,105
165901,Emergent Literacy Writing,Homeless,Homeless,73,53,39,44,73,53,39,44,75,52,39,44
165901,Emergent Literacy Writing,In Foster Care,In Foster Care,7,5,5,3,NA,NA,NA,NA,6,5,4,3
165901,Health and Wellness,Race/Ethnicity,Black or African American,97,81,67,70,97,81,67,70,98,80,67,70
165901,Health and Wellness,Race/Ethnicity,Hispanic/Latino,927,764,667,725,927,764,667,725,926,764,667,725
165901,Health and Wellness,Race/Ethnicity,Other,66,54,49,54,66,54,49,54,67,55,47,55
165901,Health and Wellness,Race/Ethnicity,White,143,112,98,101,143,112,98,101,143,111,98,103
165901,Health and Wellness,Homeless,Homeless,73,52,44,46,73,52,44,46,74,51,44,47
165901,Health and Wellness,In Foster Care,In Foster Care,7,6,6,6,NA,NA,NA,NA,10,5,5,5
165901,Language and Communication,Race/Ethnicity,Black or African American,97,80,36,64,97,80,36,64,98,81,36,66
165901,Language and Communication,Race/Ethnicity,Hispanic/Latino,927,767,372,546,927,767,372,546,924,765,373,547
165901,Language and Communication,Race/Ethnicity,Other,66,54,25,35,66,54,25,35,67,54,23,35
165901,Language and Communication,Race/Ethnicity,White,143,114,57,98,143,114,57,98,143,113,57,98
165901,Language and Communication,Homeless,Homeless,73,52,25,37,73,52,25,37,73,53,26,36
165901,Language and Communication,In Foster Care,In Foster Care,7,5,4,5,NA,NA,NA,NA,7,7,3,5
165901,Mathematics,Race/Ethnicity,Black or African American,97,80,65,49,97,80,65,49,98,80,64,50
165901,Mathematics,Race/Ethnicity,Hispanic/Latino,927,767,577,741,927,767,577,741,925,765,578,741
165901,Mathematics,Race/Ethnicity,Other,66,54,48,54,66,54,48,54,65,55,47,55
165901,Mathematics,Race/Ethnicity,White,143,114,89,114,143,114,89,114,143,114,90,114
165901,Mathematics,Homeless,Homeless,73,52,36,47,73,52,36,47,73,53,36,48
165901,Mathematics,In Foster Care,In Foster Care,7,7,6,7,NA,NA,NA,NA,9,9,5,7
170908,Emergent Literacy Reading,Race/Ethnicity,Black or African American,77,60,31,50,77,60,31,50,77,60,31,49
170908,Emergent Literacy Reading,Race/Ethnicity,Hispanic/Latino,543,453,151,375,543,453,151,375,540,453,148,375
170908,Emergent Literacy Reading,Race/Ethnicity,Other,43,34,15,28,43,34,15,28,44,34,16,26
170908,Emergent Literacy Reading,Race/Ethnicity,White,134,98,34,79,134,98,34,79,134,97,35,80
170908,Emergent Literacy Reading,Homeless,Homeless,59,39,10,30,59,39,10,30,59,37,11,30
170908,Emergent Literacy Reading,In Foster Care,In Foster Care,7,5,2,4,NA,NA,NA,NA,8,5,2,4
170908,Emergent Literacy Writing,Race/Ethnicity,Black or African American,77,60,60,52,77,60,60,52,77,60,60,52
170908,Emergent Literacy Writing,Race/Ethnicity,Hispanic/Latino,543,451,382,391,543,451,382,391,544,452,382,390
170908,Emergent Literacy Writing,Race/Ethnicity,Other,43,34,28,31,43,34,28,31,42,33,29,32
170908,Emergent Literacy Writing,Race/Ethnicity,White,134,99,82,83,134,99,82,83,136,98,83,83
170908,Emergent Literacy Writing,Homeless,Homeless,59,39,31,12,59,39,31,12,59,37,31,12
170908,Emergent Literacy Writing,In Foster Care,In Foster Care,7,5,5,4,NA,NA,NA,NA,7,5,4,3
170908,Health and Wellness,Race/Ethnicity,Black or African American,77,60,44,53,77,60,44,53,75,59,44,53
170908,Health and Wellness,Race/Ethnicity,Hispanic/Latino,543,451,438,387,543,451,438,387,543,450,439,387
170908,Health and Wellness,Race/Ethnicity,Other,43,34,34,32,43,34,34,32,43,32,32,32
170908,Health and Wellness,Race/Ethnicity,White,134,99,99,90,134,99,99,90,137,98,98,89
170908,Health and Wellness,Homeless,Homeless,59,39,39,12,59,39,39,12,59,39,39,11
170908,Health and Wellness,In Foster Care,In Foster Care,7,5,5,4,NA,NA,NA,NA,8,5,5,3
170908,Language and Communication,Race/Ethnicity,Black or African American,77,61,30,37,77,61,30,37,77,61,29,37
170908,Language and Communication,Race/Ethnicity,Hispanic/Latino,543,453,244,316,543,453,244,316,544,452,243,315
170908,Language and Communication,Race/Ethnicity,Other,43,34,18,25,43,34,18,25,44,36,19,26
170908,Language and Communication,Race/Ethnicity,White,134,99,58,73,134,99,58,73,134,100,58,74
170908,Language and Communication,Homeless,Homeless,59,40,26,31,59,40,26,31,59,41,27,32
170908,Language and Communication,In Foster Care,In Foster Care,7,6,2,4,NA,NA,NA,NA,9,5,2,3
170908,Mathematics,Race/Ethnicity,Black or African American,77,60,43,48,77,60,43,48,76,60,44,45
170908,Mathematics,Race/Ethnicity,Hispanic/Latino,543,453,342,410,543,453,342,410,543,454,342,408
170908,Mathematics,Race/Ethnicity,Other,43,34,26,31,43,34,26,31,44,33,27,30
170908,Mathematics,Race/Ethnicity,White,134,99,77,86,134,99,77,86,133,99,78,86
170908,Mathematics,Homeless,Homeless,59,39,26,31,59,39,26,31,57,38,26,31
170908,Mathematics,In Foster Care,In Foster Care,7,5,3,5,NA,NA,NA,NA,7,4,3,4
174904,Emergent Literacy Reading,Race/Ethnicity,Black or African American,114,80,30,68,114,80,30,68,115,79,30,68
174904,Emergent Literacy Reading,Race/Ethnicity,Hispanic/Latino,143,117,49,110,143,117,49,110,143,117,48,110
174904,Emergent Literacy Reading,Race/Ethnicity,Other,25,22,11,6,25,22,11,NA,27,23,11,6
174904,Emergent Literacy Reading,Race/Ethnicity,White,26,19,10,19,26,19,10,NA,28,20,8,18
174904,Emergent Literacy Reading,Homeless,Homeless,11,7,2,6,11,NA,NA,NA,11,4,4,4
174904,Emergent Literacy Reading,In Foster Care,In Foster Care,5,3,1,2,NA,NA,NA,NA,6,4,0,2
174904,Emergent Literacy Writing,Race/Ethnicity,Black or African American,114,81,70,31,114,81,70,31,116,81,70,31
174904,Emergent Literacy Writing,Race/Ethnicity,Hispanic/Latino,143,116,111,111,143,116,111,111,144,115,112,110
174904,Emergent Literacy Writing,Race/Ethnicity,Other,25,22,21,22,25,22,21,22,25,20,20,20
174904,Emergent Literacy Writing,Race/Ethnicity,White,26,19,19,19,26,19,19,19,26,19,19,19
174904,Emergent Literacy Writing,Homeless,Homeless,11,7,6,7,11,NA,NA,NA,12,7,7,6
174904,Emergent Literacy Writing,In Foster Care,In Foster Care,5,3,3,2,NA,NA,NA,NA,6,3,3,3
174904,Health and Wellness,Race/Ethnicity,Black or African American,114,81,72,59,114,81,72,59,114,80,72,61
174904,Health and Wellness,Race/Ethnicity,Hispanic/Latino,143,116,71,108,143,116,71,108,143,118,71,109
174904,Health and Wellness,Race/Ethnicity,Other,25,22,13,19,25,22,13,19,24,22,13,20
174904,Health and Wellness,Race/Ethnicity,White,26,19,19,19,26,19,19,19,27,19,18,19
174904,Health and Wellness,Homeless,Homeless,11,7,6,6,11,NA,NA,NA,10,6,4,5
174904,Health and Wellness,In Foster Care,In Foster Care,5,3,2,2,NA,NA,NA,NA,5,3,2,2
174904,Language and Communication,Race/Ethnicity,Black or African American,114,81,41,61,114,81,41,61,114,81,41,61
174904,Language and Communication,Race/Ethnicity,Hispanic/Latino,143,118,75,96,143,118,75,96,144,118,74,96
174904,Language and Communication,Race/Ethnicity,Other,25,22,4,5,25,22,NA,NA,26,23,3,5
174904,Language and Communication,Race/Ethnicity,White,26,19,19,19,26,19,NA,NA,25,21,19,19
174904,Language and Communication,Homeless,Homeless,11,7,4,6,11,NA,NA,NA,11,7,5,6
174904,Language and Communication,In Foster Care,In Foster Care,5,3,2,2,NA,NA,NA,NA,6,2,2,2
174904,Mathematics,Race/Ethnicity,Black or African American,114,81,62,73,114,81,62,73,114,81,62,74
174904,Mathematics,Race/Ethnicity,Hispanic/Latino,143,118,97,111,143,118,97,111,144,118,96,111
174904,Mathematics,Race/Ethnicity,Other,25,22,21,22,25,22,21,22,26,22,22,22
174904,Mathematics,Race/Ethnicity,White,26,19,19,19,26,19,19,19,24,18,18,18
174904,Mathematics,Homeless,Homeless,11,7,6,7,11,NA,NA,NA,11,7,6,7
174904,Mathematics,In Foster Care,In Foster Care,5,3,2,3,NA,NA,NA,NA,7,3,2,3
175903,Emergent Literacy Reading,Race/Ethnicity,Black or African American,35,32,15,24,NA,NA,15,24,35,33,15,24
175903,Emergent Literacy Reading,Race/Ethnicity,Hispanic/Latino,142,122,30,99,142,122,30,99,141,123,31,98
175903,Emergent Literacy Reading,Race/Ethnicity,Other,9,6,2,6,NA,NA,NA,NA,8,8,1,5
175903,Emergent Literacy Reading,Race/Ethnicity,White,47,35,9,21,47,35,NA,NA,45,36,10,20
175903,Emergent Literacy Reading,Homeless,Homeless,10,4,1,3,10,NA,NA,NA,9,4,1,4
175903,Emergent Literacy Reading,In Foster Care,In Foster Care,4,3,1,2,NA,NA,NA,NA,5,2,0,2
175903,Emergent Literacy Writing,Race/Ethnicity,Black or African American,35,32,30,26,NA,NA,NA,NA,37,32,30,26
175903,Emergent Literacy Writing,Race/Ethnicity,Hispanic/Latino,142,120,111,97,142,120,111,97,142,121,111,97
175903,Emergent Literacy Writing,Race/Ethnicity,Other,9,6,6,6,NA,NA,NA,NA,8,4,4,4
175903,Emergent Literacy Writing,Race/Ethnicity,White,47,35,35,28,47,35,35,28,48,34,34,30
175903,Emergent Literacy Writing,Homeless,Homeless,10,4,4,4,10,NA,NA,NA,9,5,5,4
175903,Emergent Literacy Writing,In Foster Care,In Foster Care,4,3,1,2,NA,NA,NA,NA,3,3,0,3
175903,Health and Wellness,Race/Ethnicity,Black or African American,35,19,15,14,NA,19,NA,NA,35,18,17,15
175903,Health and Wellness,Race/Ethnicity,Hispanic/Latino,142,36,29,27,142,36,29,27,142,35,28,27
175903,Health and Wellness,Race/Ethnicity,Other,9,7,7,6,NA,NA,NA,NA,8,8,8,7
175903,Health and Wellness,Race/Ethnicity,White,47,17,17,17,47,NA,17,17,47,17,17,17
175903,Health and Wellness,Homeless,Homeless,10,2,2,1,10,NA,NA,NA,11,1,1,0
175903,Health and Wellness,In Foster Care,In Foster Care,4,1,0,1,NA,NA,NA,NA,5,3,0,1
175903,Language and Communication,Race/Ethnicity,Black or African American,35,32,17,25,NA,NA,17,25,35,31,15,24
175903,Language and Communication,Race/Ethnicity,Hispanic/Latino,142,122,47,53,142,122,47,53,142,123,48,52
175903,Language and Communication,Race/Ethnicity,Other,9,6,5,4,NA,NA,NA,NA,9,8,3,3
175903,Language and Communication,Race/Ethnicity,White,47,35,15,24,47,35,NA,NA,47,35,15,24
175903,Language and Communication,Homeless,Homeless,10,4,2,2,10,NA,NA,NA,8,4,0,2
175903,Language and Communication,In Foster Care,In Foster Care,4,3,1,2,NA,NA,NA,NA,4,4,1,2
175903,Mathematics,Race/Ethnicity,Black or African American,35,16,10,11,NA,NA,NA,NA,34,17,9,12
175903,Mathematics,Race/Ethnicity,Hispanic/Latino,142,31,18,22,142,31,18,22,140,31,18,21
175903,Mathematics,Race/Ethnicity,Other,9,5,5,5,NA,NA,NA,NA,9,4,4,4
175903,Mathematics,Race/Ethnicity,White,47,16,13,14,47,16,13,14,47,16,13,16
175903,Mathematics,Homeless,Homeless,10,1,1,1,10,NA,NA,NA,9,1,0,1
175903,Mathematics,In Foster Care,In Foster Care,4,1,1,1,NA,NA,NA,NA,5,4,1,1
178904,Emergent Literacy Reading,Race/Ethnicity,Black or African American,47,38,20,28,47,38,20,28,46,38,20,28
178904,Emergent Literacy Reading,Race/Ethnicity,Hispanic/Latino,1277,1083,516,843,1277,1083,516,843,1278,1082,516,844
178904,Emergent Literacy Reading,Race/Ethnicity,Other,61,51,39,48,61,51,39,48,60,49,40,49
178904,Emergent Literacy Reading,Race/Ethnicity,White,134,101,55,80,134,101,55,80,136,100,55,80
178904,Emergent Literacy Reading,Homeless,Homeless,77,49,23,33,77,49,23,33,76,51,23,34
178904,Emergent Literacy Reading,In Foster Care,In Foster Care,30,30,16,22,30,30,16,22,28,28,16,22
178904,Emergent Literacy Writing,Race/Ethnicity,Black or African American,47,34,28,27,47,34,28,27,47,33,29,28
178904,Emergent Literacy Writing,Race/Ethnicity,Hispanic/Latino,1277,995,902,887,1277,995,902,887,1276,994,903,886
178904,Emergent Literacy Writing,Race/Ethnicity,Other,61,45,42,45,61,45,42,45,60,44,43,44
178904,Emergent Literacy Writing,Race/Ethnicity,White,134,96,82,77,134,96,82,77,133,97,83,76
178904,Emergent Literacy Writing,Homeless,Homeless,77,49,41,41,77,49,41,41,76,50,41,41
178904,Emergent Literacy Writing,In Foster Care,In Foster Care,30,28,8,23,30,28,NA,23,30,28,9,22
178904,Health and Wellness,Race/Ethnicity,Black or African American,47,37,37,29,47,37,37,29,46,37,37,28
178904,Health and Wellness,Race/Ethnicity,Hispanic/Latino,1277,1043,981,947,1277,1043,981,947,1277,1043,982,946
178904,Health and Wellness,Race/Ethnicity,Other,61,46,41,43,61,46,41,43,61,46,41,43
178904,Health and Wellness,Race/Ethnicity,White,134,98,89,81,134,98,89,81,133,99,89,82
178904,Health and Wellness,Homeless,Homeless,77,49,42,40,77,49,42,40,77,48,42,39
178904,Health and Wellness,In Foster Care,In Foster Care,30,29,29,20,30,29,29,20,29,29,28,19
178904,Language and Communication,Race/Ethnicity,Black or African American,47,38,19,29,47,38,19,29,47,40,21,29
178904,Language and Communication,Race/Ethnicity,Hispanic/Latino,1277,1073,483,846,1277,1073,483,846,1276,1070,481,846
178904,Language and Communication,Race/Ethnicity,Other,61,51,32,41,61,51,32,41,62,52,30,41
178904,Language and Communication,Race/Ethnicity,White,134,100,53,82,134,100,53,82,135,100,54,84
178904,Language and Communication,Homeless,Homeless,77,49,22,40,77,49,22,40,76,48,23,41
178904,Language and Communication,In Foster Care,In Foster Care,30,29,12,20,30,29,12,20,31,28,14,21
178904,Mathematics,Race/Ethnicity,Black or African American,47,38,32,38,47,38,32,38,46,40,32,38
178904,Mathematics,Race/Ethnicity,Hispanic/Latino,1277,1052,898,976,1277,1052,898,976,1278,1052,897,976
178904,Mathematics,Race/Ethnicity,Other,61,48,46,45,61,48,46,45,59,48,45,44
178904,Mathematics,Race/Ethnicity,White,134,101,88,94,134,101,88,94,134,99,88,96
178904,Mathematics,Homeless,Homeless,77,49,37,41,77,49,37,41,79,48,38,39
178904,Mathematics,In Foster Care,In Foster Care,30,29,16,17,30,29,16,17,30,29,16,17
182903,Emergent Literacy Reading,Race/Ethnicity,Black or African American,8,8,3,8,NA,NA,NA,NA,9,9,3,9
182903,Emergent Literacy Reading,Race/Ethnicity,Hispanic/Latino,88,68,10,61,88,68,10,61,88,68,10,61
182903,Emergent Literacy Reading,Race/Ethnicity,Other,16,7,3,7,NA,NA,NA,NA,15,7,2,6
182903,Emergent Literacy Reading,Race/Ethnicity,White,102,80,21,67,102,80,21,67,102,80,19,67
182903,Emergent Literacy Reading,Homeless,Homeless,11,5,1,4,11,NA,NA,NA,12,5,1,5
182903,Emergent Literacy Reading,In Foster Care,In Foster Care,2,1,0,1,NA,NA,NA,NA,1,1,0,1
182903,Emergent Literacy Writing,Race/Ethnicity,Black or African American,8,8,7,8,NA,NA,NA,NA,9,8,5,8
182903,Emergent Literacy Writing,Race/Ethnicity,Hispanic/Latino,88,68,50,63,88,68,50,63,86,68,49,62
182903,Emergent Literacy Writing,Race/Ethnicity,Other,16,7,6,7,NA,NA,NA,NA,15,6,6,6
182903,Emergent Literacy Writing,Race/Ethnicity,White,102,80,68,71,102,80,68,71,100,80,68,70
182903,Emergent Literacy Writing,Homeless,Homeless,11,5,4,4,11,NA,NA,NA,10,4,3,3
182903,Emergent Literacy Writing,In Foster Care,In Foster Care,2,1,1,1,NA,NA,NA,NA,3,1,1,0
182903,Health and Wellness,Race/Ethnicity,Black or African American,8,8,8,8,NA,NA,NA,NA,7,7,7,7
182903,Health and Wellness,Race/Ethnicity,Hispanic/Latino,88,68,59,58,88,68,59,58,86,67,61,58
182903,Health and Wellness,Race/Ethnicity,Other,16,7,7,7,NA,NA,NA,NA,15,6,6,6
182903,Health and Wellness,Race/Ethnicity,White,102,79,72,69,102,79,72,69,103,79,72,68
182903,Health and Wellness,Homeless,Homeless,11,5,4,4,11,NA,NA,NA,10,6,4,6
182903,Health and Wellness,In Foster Care,In Foster Care,2,1,1,1,NA,NA,NA,NA,2,1,0,1
182903,Language and Communication,Race/Ethnicity,Black or African American,7,7,6,7,NA,NA,NA,NA,5,5,5,5
182903,Language and Communication,Race/Ethnicity,Hispanic/Latino,88,68,34,55,88,68,34,55,88,68,34,56
182903,Language and Communication,Race/Ethnicity,Other,16,6,5,5,NA,NA,NA,NA,15,7,5,7
182903,Language and Communication,Race/Ethnicity,White,102,80,51,68,102,80,51,68,102,81,50,67
182903,Language and Communication,Homeless,Homeless,11,5,3,4,11,NA,NA,NA,10,6,4,3
182903,Language and Communication,In Foster Care,In Foster Care,2,1,1,1,NA,NA,NA,NA,1,1,1,0
182903,Mathematics,Race/Ethnicity,Black or African American,17,17,7,17,17,17,NA,17,16,16,8,16
182903,Mathematics,Race/Ethnicity,Hispanic/Latino,88,68,43,47,88,68,43,47,87,68,42,47
182903,Mathematics,Race/Ethnicity,Other,16,13,5,13,16,13,NA,13,15,12,4,12
182903,Mathematics,Race/Ethnicity,White,102,80,57,70,102,80,57,70,101,79,59,69
182903,Mathematics,Homeless,Homeless,11,5,3,4,11,NA,NA,NA,12,6,3,4
182903,Mathematics,In Foster Care,In Foster Care,2,1,1,1,NA,NA,NA,NA,3,1,1,1
187907,Emergent Literacy Reading,Race/Ethnicity,Black or African American,18,15,5,13,18,NA,NA,NA,19,16,5,14
187907,Emergent Literacy Reading,Race/Ethnicity,Hispanic/Latino,57,37,11,37,57,37,11,37,58,36,11,36
187907,Emergent Literacy Reading,Race/Ethnicity,Other,13,7,3,7,13,NA,NA,NA,15,7,2,7
187907,Emergent Literacy Reading,Race/Ethnicity,White,73,57,19,34,73,57,19,34,73,55,21,35
187907,Emergent Literacy Reading,Homeless,Homeless,6,3,1,2,NA,NA,NA,NA,5,4,4,4
187907,Emergent Literacy Reading,In Foster Care,In Foster Care,1,1,0,1,NA,NA,NA,NA,3,1,1,1
187907,Emergent Literacy Writing,Race/Ethnicity,Black or African American,18,15,15,9,18,NA,NA,NA,19,16,15,9
187907,Emergent Literacy Writing,Race/Ethnicity,Hispanic/Latino,57,37,36,37,57,37,36,37,57,37,34,36
187907,Emergent Literacy Writing,Race/Ethnicity,Other,13,7,4,7,13,NA,NA,NA,15,8,4,8
187907,Emergent Literacy Writing,Race/Ethnicity,White,73,57,50,52,73,57,50,52,72,56,49,53
187907,Emergent Literacy Writing,Homeless,Homeless,6,3,2,2,NA,NA,NA,NA,6,3,1,2
187907,Emergent Literacy Writing,In Foster Care,In Foster Care,1,1,1,1,NA,NA,NA,NA,1,1,1,1
187907,Health and Wellness,Race/Ethnicity,Black or African American,18,15,15,9,18,NA,NA,NA,19,16,14,8
187907,Health and Wellness,Race/Ethnicity,Hispanic/Latino,57,37,28,37,57,37,28,37,56,39,29,39
187907,Health and Wellness,Race/Ethnicity,Other,13,7,7,7,13,NA,NA,NA,15,5,5,5
187907,Health and Wellness,Race/Ethnicity,White,73,57,50,51,73,57,50,51,72,58,51,52
187907,Health and Wellness,Homeless,Homeless,6,3,3,2,NA,NA,NA,NA,4,3,3,3
187907,Health and Wellness,In Foster Care,In Foster Care,1,1,1,1,NA,NA,NA,NA,1,1,0,1
187907,Language and Communication,Race/Ethnicity,Black or African American,18,15,5,11,18,NA,NA,NA,18,16,7,11
187907,Language and Communication,Race/Ethnicity,Hispanic/Latino,57,37,8,16,57,37,NA,16,56,35,9,14
187907,Language and Communication,Race/Ethnicity,Other,13,7,7,6,13,NA,NA,NA,13,6,6,6
187907,Language and Communication,Race/Ethnicity,White,73,57,24,44,73,57,24,44,74,56,24,42
187907,Language and Communication,Homeless,Homeless,6,3,1,2,NA,NA,NA,NA,6,1,0,1
187907,Language and Communication,In Foster Care,In Foster Care,1,1,0,1,NA,NA,NA,NA,1,1,0,1
187907,Mathematics,Race/Ethnicity,Black or African American,18,15,13,15,18,NA,NA,NA,19,13,13,13
187907,Mathematics,Race/Ethnicity,Hispanic/Latino,57,37,23,32,57,37,23,32,57,40,24,33
187907,Mathematics,Race/Ethnicity,Other,13,7,6,7,13,NA,NA,NA,14,8,6,8
187907,Mathematics,Race/Ethnicity,White,73,57,47,52,73,57,47,52,71,56,48,53
187907,Mathematics,Homeless,Homeless,6,3,2,2,NA,NA,NA,NA,6,3,3,1
187907,Mathematics,In Foster Care,In Foster Care,1,1,1,1,NA,NA,NA,NA,2,2,0,2
188901,Emergent Literacy Reading,Race/Ethnicity,Black or African American,206,160,53,107,206,160,53,107,205,159,54,105
188901,Emergent Literacy Reading,Race/Ethnicity,Hispanic/Latino,787,635,160,471,787,635,160,471,787,635,158,473
188901,Emergent Literacy Reading,Race/Ethnicity,Other,123,101,43,79,123,101,43,79,122,101,43,79
188901,Emergent Literacy Reading,Race/Ethnicity,White,333,264,96,190,333,264,96,190,332,263,95,190
188901,Emergent Literacy Reading,Homeless,Homeless,83,59,16,43,83,59,16,43,82,59,14,41
188901,Emergent Literacy Reading,In Foster Care,In Foster Care,18,10,4,5,18,10,NA,NA,16,10,4,5
188901,Emergent Literacy Writing,Race/Ethnicity,Black or African American,206,142,112,125,206,142,112,125,206,141,112,125
188901,Emergent Literacy Writing,Race/Ethnicity,Hispanic/Latino,787,581,523,524,787,581,523,524,786,581,524,522
188901,Emergent Literacy Writing,Race/Ethnicity,Other,123,86,76,78,123,86,76,78,124,86,78,78
188901,Emergent Literacy Writing,Race/Ethnicity,White,333,241,217,219,333,241,217,219,333,240,217,219
188901,Emergent Literacy Writing,Homeless,Homeless,83,57,49,48,83,57,49,48,84,57,50,49
188901,Emergent Literacy Writing,In Foster Care,In Foster Care,18,8,8,6,18,NA,NA,NA,19,7,7,4
188901,Health and Wellness,Race/Ethnicity,Black or African American,206,153,133,135,206,153,133,135,206,153,133,136
188901,Health and Wellness,Race/Ethnicity,Hispanic/Latino,787,608,588,557,787,608,588,557,786,606,588,558
188901,Health and Wellness,Race/Ethnicity,Other,123,94,87,86,123,94,87,86,121,94,87,86
188901,Health and Wellness,Race/Ethnicity,White,333,250,233,215,333,250,233,215,335,248,232,218
188901,Health and Wellness,Homeless,Homeless,83,59,52,50,83,59,52,50,83,58,52,48
188901,Health and Wellness,In Foster Care,In Foster Care,18,8,8,6,18,NA,NA,NA,18,8,8,7
188901,Language and Communication,Race/Ethnicity,Black or African American,206,153,45,86,206,153,45,86,206,154,45,85
188901,Language and Communication,Race/Ethnicity,Hispanic/Latino,787,623,273,433,787,623,273,433,788,624,274,433
188901,Language and Communication,Race/Ethnicity,Other,123,99,41,61,123,99,41,61,122,98,40,60
188901,Language and Communication,Race/Ethnicity,White,333,252,134,200,333,252,134,200,333,251,135,200
188901,Language and Communication,Homeless,Homeless,83,59,22,35,83,59,22,35,84,59,20,35
188901,Language and Communication,In Foster Care,In Foster Care,18,8,4,6,18,NA,NA,NA,19,8,4,7
188901,Mathematics,Race/Ethnicity,Black or African American,206,149,106,121,206,149,106,121,206,148,106,121
188901,Mathematics,Race/Ethnicity,Hispanic/Latino,787,617,439,551,787,617,439,551,787,616,441,551
188901,Mathematics,Race/Ethnicity,Other,123,96,72,86,123,96,72,86,123,97,73,86
188901,Mathematics,Race/Ethnicity,White,333,254,200,224,333,254,200,224,335,255,201,224
188901,Mathematics,Homeless,Homeless,83,57,42,48,83,57,42,48,82,57,42,49
188901,Mathematics,In Foster Care,In Foster Care,18,8,6,7,18,NA,NA,NA,17,7,4,7
199902,Emergent Literacy Reading,Race/Ethnicity,Black or African American,85,69,45,60,85,69,45,60,84,70,47,59
199902,Emergent Literacy Reading,Race/Ethnicity,Hispanic/Latino,145,120,23,101,145,120,23,101,145,122,24,100
199902,Emergent Literacy Reading,Race/Ethnicity,Other,30,23,14,21,30,23,14,21,30,23,15,23
199902,Emergent Literacy Reading,Race/Ethnicity,White,63,54,32,47,63,54,32,47,63,53,33,47
199902,Emergent Literacy Reading,Homeless,Homeless,6,6,2,5,NA,NA,NA,NA,6,6,3,4
199902,Emergent Literacy Reading,In Foster Care,In Foster Care,12,8,1,1,12,NA,NA,NA,12,7,1,1
199902,Emergent Literacy Writing,Race/Ethnicity,Black or African American,85,69,62,63,85,69,62,63,84,70,61,64
199902,Emergent Literacy Writing,Race/Ethnicity,Hispanic/Latino,145,120,101,115,145,120,101,115,145,122,101,115
199902,Emergent Literacy Writing,Race/Ethnicity,Other,30,23,23,23,30,23,23,23,31,23,23,23
199902,Emergent Literacy Writing,Race/Ethnicity,White,63,54,33,33,63,54,33,33,63,55,32,34
199902,Emergent Literacy Writing,Homeless,Homeless,6,6,5,6,NA,NA,NA,NA,5,5,5,5
199902,Emergent Literacy Writing,In Foster Care,In Foster Care,12,8,8,8,12,NA,NA,NA,13,6,6,6
199902,Health and Wellness,Race/Ethnicity,Black or African American,85,69,51,62,85,69,51,62,86,69,51,62
199902,Health and Wellness,Race/Ethnicity,Hispanic/Latino,145,120,111,120,145,120,111,120,146,121,111,120
199902,Health and Wellness,Race/Ethnicity,Other,30,23,23,23,30,23,23,23,30,21,21,21
199902,Health and Wellness,Race/Ethnicity,White,63,54,54,32,63,54,54,32,63,56,53,31
199902,Health and Wellness,Homeless,Homeless,6,6,6,6,NA,NA,NA,NA,6,4,4,4
199902,Health and Wellness,In Foster Care,In Foster Care,12,8,8,8,12,NA,NA,NA,11,9,9,7
199902,Language and Communication,Race/Ethnicity,Black or African American,85,69,24,42,85,69,24,42,85,70,24,42
199902,Language and Communication,Race/Ethnicity,Hispanic/Latino,145,120,54,75,145,120,54,75,143,122,54,75
199902,Language and Communication,Race/Ethnicity,Other,30,23,12,16,30,23,12,16,31,23,12,15
199902,Language and Communication,Race/Ethnicity,White,63,54,30,43,63,54,30,43,63,55,30,44
199902,Language and Communication,Homeless,Homeless,6,6,3,4,NA,NA,NA,NA,6,5,3,4
199902,Language and Communication,In Foster Care,In Foster Care,12,8,1,1,12,NA,NA,NA,14,9,0,0
199902,Mathematics,Race/Ethnicity,Black or African American,85,69,61,62,85,69,61,62,83,69,61,61
199902,Mathematics,Race/Ethnicity,Hispanic/Latino,145,119,93,107,145,119,93,107,145,119,93,107
199902,Mathematics,Race/Ethnicity,Other,30,23,20,23,30,23,20,23,31,24,19,23
199902,Mathematics,Race/Ethnicity,White,63,53,46,34,63,53,46,34,65,52,46,34
199902,Mathematics,Homeless,Homeless,6,6,5,5,NA,NA,NA,NA,8,6,5,6
199902,Mathematics,In Foster Care,In Foster Care,12,8,8,8,12,NA,NA,NA,10,9,7,6
212905,Emergent Literacy Reading,Race/Ethnicity,Black or African American,215,180,74,147,215,180,74,147,214,178,74,146
212905,Emergent Literacy Reading,Race/Ethnicity,Hispanic/Latino,384,345,66,318,384,345,66,318,384,344,66,317
212905,Emergent Literacy Reading,Race/Ethnicity,Other,41,28,17,27,41,28,17,27,42,28,17,26
212905,Emergent Literacy Reading,Race/Ethnicity,White,137,125,66,118,137,125,66,118,137,125,65,119
212905,Emergent Literacy Reading,Homeless,Homeless,15,11,5,11,15,11,NA,11,13,10,6,10
212905,Emergent Literacy Reading,In Foster Care,In Foster Care,12,8,3,7,12,NA,NA,NA,11,10,4,7
212905,Emergent Literacy Writing,Race/Ethnicity,Black or African American,215,179,150,161,215,179,150,161,219,178,150,160
212905,Emergent Literacy Writing,Race/Ethnicity,Hispanic/Latino,384,345,291,317,384,345,291,317,382,345,291,318
212905,Emergent Literacy Writing,Race/Ethnicity,Other,41,28,26,26,41,28,26,26,42,30,26,27
212905,Emergent Literacy Writing,Race/Ethnicity,White,137,125,112,119,137,125,112,119,138,126,112,119
212905,Emergent Literacy Writing,Homeless,Homeless,15,11,11,11,15,11,11,11,15,11,10,10
212905,Emergent Literacy Writing,In Foster Care,In Foster Care,12,8,7,4,12,NA,NA,NA,13,7,7,3
212905,Health and Wellness,Race/Ethnicity,Black or African American,215,180,161,165,215,180,161,165,215,180,161,165
212905,Health and Wellness,Race/Ethnicity,Hispanic/Latino,384,341,321,324,384,341,321,324,384,344,321,323
212905,Health and Wellness,Race/Ethnicity,Other,41,28,25,21,41,28,25,21,41,29,25,20
212905,Health and Wellness,Race/Ethnicity,White,137,124,110,116,137,124,110,116,137,123,111,116
212905,Health and Wellness,Homeless,Homeless,15,11,11,11,15,11,11,11,17,11,11,9
212905,Health and Wellness,In Foster Care,In Foster Care,12,8,4,7,12,NA,NA,NA,13,6,5,6
212905,Language and Communication,Race/Ethnicity,Black or African American,215,179,93,150,215,179,93,150,212,181,95,148
212905,Language and Communication,Race/Ethnicity,Hispanic/Latino,384,344,164,285,384,344,164,285,384,344,164,285
212905,Language and Communication,Race/Ethnicity,Other,41,28,19,21,41,28,19,21,42,27,19,24
212905,Language and Communication,Race/Ethnicity,White,137,125,103,122,137,125,103,122,140,125,104,122
212905,Language and Communication,Homeless,Homeless,15,11,6,11,15,11,NA,11,17,11,8,11
212905,Language and Communication,In Foster Care,In Foster Care,12,8,4,7,12,NA,NA,NA,8,4,2,4
212905,Mathematics,Race/Ethnicity,Black or African American,215,177,146,158,215,177,146,158,216,175,146,157
212905,Mathematics,Race/Ethnicity,Hispanic/Latino,384,325,234,305,384,325,234,305,385,325,233,306
212905,Mathematics,Race/Ethnicity,Other,41,28,25,23,41,28,25,23,43,28,25,23
212905,Mathematics,Race/Ethnicity,White,137,123,115,123,137,123,115,123,137,124,115,123
212905,Mathematics,Homeless,Homeless,15,11,11,11,15,11,11,11,17,11,11,11
212905,Mathematics,In Foster Care,In Foster Care,12,7,6,7,12,NA,NA,NA,10,8,6,6
220901,Emergent Literacy Reading,Race/Ethnicity,Black or African American,873,598,372,513,873,598,372,513,874,597,373,511
220901,Emergent Literacy Reading,Race/Ethnicity,Hispanic/Latino,1588,1287,543,1117,1588,1287,543,1117,1588,1284,544,1118
220901,Emergent Literacy Reading,Race/Ethnicity,Other,255,205,137,185,255,205,137,185,255,207,137,182
220901,Emergent Literacy Reading,Race/Ethnicity,White,442,358,234,322,442,358,234,322,441,360,233,323
220901,Emergent Literacy Reading,Homeless,Homeless,146,92,46,77,146,92,46,77,144,93,46,78
220901,Emergent Literacy Reading,In Foster Care,In Foster Care,11,7,7,7,11,NA,NA,NA,13,7,7,7
220901,Emergent Literacy Writing,Race/Ethnicity,Black or African American,873,627,576,546,873,627,576,546,874,627,574,546
220901,Emergent Literacy Writing,Race/Ethnicity,Hispanic/Latino,1588,1307,1163,1181,1588,1307,1163,1181,1585,1309,1164,1182
220901,Emergent Literacy Writing,Race/Ethnicity,Other,255,211,192,192,255,211,192,192,255,212,192,193
220901,Emergent Literacy Writing,Race/Ethnicity,White,442,369,345,348,442,369,345,348,442,368,344,349
220901,Emergent Literacy Writing,Homeless,Homeless,146,96,85,80,146,96,85,80,144,95,85,80
220901,Emergent Literacy Writing,In Foster Care,In Foster Care,11,7,7,7,11,NA,NA,NA,11,7,7,7
220901,Health and Wellness,Race/Ethnicity,Black or African American,873,625,602,517,873,625,602,517,873,625,602,517
220901,Health and Wellness,Race/Ethnicity,Hispanic/Latino,1588,1313,1272,1216,1588,1313,1272,1216,1589,1312,1272,1216
220901,Health and Wellness,Race/Ethnicity,Other,255,213,210,197,255,213,210,197,255,212,210,198
220901,Health and Wellness,Race/Ethnicity,White,442,373,368,337,442,373,368,337,440,375,370,336
220901,Health and Wellness,Homeless,Homeless,146,97,70,83,146,97,70,83,146,98,68,86
220901,Health and Wellness,In Foster Care,In Foster Care,11,6,6,6,11,NA,NA,NA,10,4,4,4
220901,Language and Communication,Race/Ethnicity,Black or African American,873,607,321,461,873,607,321,461,875,607,321,460
220901,Language and Communication,Race/Ethnicity,Hispanic/Latino,1588,1290,728,970,1588,1290,728,970,1588,1291,729,970
220901,Language and Communication,Race/Ethnicity,Other,255,206,108,150,255,206,108,150,254,206,108,149
220901,Language and Communication,Race/Ethnicity,White,442,352,259,303,442,352,259,303,443,352,259,305
220901,Language and Communication,Homeless,Homeless,146,91,44,68,146,91,44,68,147,90,44,70
220901,Language and Communication,In Foster Care,In Foster Care,11,7,7,7,11,NA,NA,NA,10,5,5,5
220901,Mathematics,Race/Ethnicity,Black or African American,873,631,554,574,873,631,554,574,874,632,555,576
220901,Mathematics,Race/Ethnicity,Hispanic/Latino,1588,1304,1104,1226,1588,1304,1104,1226,1588,1305,1107,1226
220901,Mathematics,Race/Ethnicity,Other,255,209,183,196,255,209,183,196,254,209,184,195
220901,Mathematics,Race/Ethnicity,White,442,371,344,361,442,371,344,361,443,370,346,360
220901,Mathematics,Homeless,Homeless,146,96,75,83,146,96,75,83,145,96,75,83
220901,Mathematics,In Foster Care,In Foster Care,11,7,7,7,11,NA,NA,NA,11,5,5,5
220902,Emergent Literacy Reading,Race/Ethnicity,Black or African American,101,70,34,57,101,70,34,57,100,70,36,58
220902,Emergent Literacy Reading,Race/Ethnicity,Hispanic/Latino,512,447,132,382,512,447,132,382,512,446,133,384
220902,Emergent Literacy Reading,Race/Ethnicity,Other,95,86,49,73,95,86,49,73,94,88,49,73
220902,Emergent Literacy Reading,Race/Ethnicity,White,168,140,79,115,168,140,79,115,168,140,80,115
220902,Emergent Literacy Reading,Homeless,Homeless,18,14,6,14,18,14,NA,14,18,16,6,15
220902,Emergent Literacy Reading,In Foster Care,In Foster Care,9,7,3,5,NA,NA,NA,NA,10,8,4,5
220902,Emergent Literacy Writing,Race/Ethnicity,Black or African American,101,70,70,70,101,70,70,70,101,71,69,68
220902,Emergent Literacy Writing,Race/Ethnicity,Hispanic/Latino,512,444,384,406,512,444,384,406,513,444,384,406
220902,Emergent Literacy Writing,Race/Ethnicity,Other,95,85,80,75,95,85,80,75,95,85,79,73
220902,Emergent Literacy Writing,Race/Ethnicity,White,168,139,110,116,168,139,110,116,167,140,111,117
220902,Emergent Literacy Writing,Homeless,Homeless,18,14,14,14,18,14,14,14,18,13,13,13
220902,Emergent Literacy Writing,In Foster Care,In Foster Care,9,6,6,6,NA,NA,NA,NA,6,6,6,6
220902,Health and Wellness,Race/Ethnicity,Black or African American,101,70,70,70,101,70,70,70,102,72,71,69
220902,Health and Wellness,Race/Ethnicity,Hispanic/Latino,512,446,429,422,512,446,429,422,513,445,429,422
220902,Health and Wellness,Race/Ethnicity,Other,95,86,67,75,95,86,67,75,95,86,66,77
220902,Health and Wellness,Race/Ethnicity,White,168,140,140,115,168,140,140,115,167,139,139,114
220902,Health and Wellness,Homeless,Homeless,18,14,14,14,18,14,14,14,18,12,12,12
220902,Health and Wellness,In Foster Care,In Foster Care,9,6,6,5,NA,NA,NA,NA,8,4,4,4
220902,Language and Communication,Race/Ethnicity,Black or African American,101,70,31,54,101,70,31,54,101,70,32,55
220902,Language and Communication,Race/Ethnicity,Hispanic/Latino,512,446,248,347,512,446,248,347,511,446,248,346
220902,Language and Communication,Race/Ethnicity,Other,95,86,43,70,95,86,43,70,95,84,44,69
220902,Language and Communication,Race/Ethnicity,White,168,140,96,120,168,140,96,120,170,139,95,120
220902,Language and Communication,Homeless,Homeless,18,14,9,14,18,14,NA,14,16,14,7,14
220902,Language and Communication,In Foster Care,In Foster Care,9,7,4,5,NA,NA,NA,NA,9,9,3,4
220902,Mathematics,Race/Ethnicity,Black or African American,101,70,58,65,101,70,58,65,103,73,57,63
220902,Mathematics,Race/Ethnicity,Hispanic/Latino,512,447,339,414,512,447,339,414,513,449,337,411
220902,Mathematics,Race/Ethnicity,Other,95,86,63,84,95,86,63,84,94,86,64,83
220902,Mathematics,Race/Ethnicity,White,168,139,127,132,168,139,127,132,168,137,126,131
220902,Mathematics,Homeless,Homeless,18,14,14,14,18,14,14,14,18,15,13,15
220902,Mathematics,In Foster Care,In Foster Care,9,7,6,6,NA,NA,NA,NA,10,9,6,8
220904,Emergent Literacy Reading,Race/Ethnicity,Black or African American,98,62,30,51,98,62,30,51,98,62,32,51
220904,Emergent Literacy Reading,Race/Ethnicity,Hispanic/Latino,149,122,24,105,149,122,24,105,148,121,27,103
220904,Emergent Literacy Reading,Race/Ethnicity,Other,7,5,3,4,NA,NA,NA,NA,8,5,4,3
220904,Emergent Literacy Reading,Race/Ethnicity,White,10,8,4,6,NA,NA,NA,NA,10,7,4,7
220904,Emergent Literacy Reading,Homeless,Homeless,12,6,2,5,12,NA,NA,NA,11,6,2,5
220904,Emergent Literacy Reading,In Foster Care,In Foster Care,3,2,1,1,NA,NA,NA,NA,2,2,2,1
220904,Emergent Literacy Writing,Race/Ethnicity,Black or African American,98,62,42,47,98,62,42,47,98,62,43,48
220904,Emergent Literacy Writing,Race/Ethnicity,Hispanic/Latino,149,124,84,117,149,124,84,117,150,124,84,117
220904,Emergent Literacy Writing,Race/Ethnicity,Other,7,5,4,4,NA,NA,NA,NA,7,5,4,5
220904,Emergent Literacy Writing,Race/Ethnicity,White,10,8,5,6,NA,NA,NA,NA,12,7,5,5
220904,Emergent Literacy Writing,Homeless,Homeless,12,6,4,5,12,NA,NA,NA,11,5,1,5
220904,Emergent Literacy Writing,In Foster Care,In Foster Care,3,2,1,1,NA,NA,NA,NA,1,1,1,1
220904,Health and Wellness,Race/Ethnicity,Black or African American,98,62,52,48,98,62,52,48,99,64,53,47
220904,Health and Wellness,Race/Ethnicity,Hispanic/Latino,149,124,101,116,149,124,101,116,149,125,100,115
220904,Health and Wellness,Race/Ethnicity,Other,7,5,5,4,NA,NA,NA,NA,7,7,3,1
220904,Health and Wellness,Race/Ethnicity,White,10,8,8,5,NA,NA,NA,NA,8,8,8,4
220904,Health and Wellness,Homeless,Homeless,12,6,5,5,12,NA,NA,NA,13,6,3,5
220904,Health and Wellness,In Foster Care,In Foster Care,3,2,1,1,NA,NA,NA,NA,3,3,2,1
220904,Language and Communication,Race/Ethnicity,Black or African American,98,62,28,51,98,62,28,51,98,62,27,50
220904,Language and Communication,Race/Ethnicity,Hispanic/Latino,149,122,50,100,149,122,50,100,150,122,49,101
220904,Language and Communication,Race/Ethnicity,Other,7,5,2,2,NA,NA,NA,NA,7,5,3,3
220904,Language and Communication,Race/Ethnicity,White,10,8,5,8,NA,NA,NA,NA,10,7,6,6
220904,Language and Communication,Homeless,Homeless,12,6,3,5,12,NA,NA,NA,13,8,1,7
220904,Language and Communication,In Foster Care,In Foster Care,3,2,1,1,NA,NA,NA,NA,4,2,2,1
220904,Mathematics,Race/Ethnicity,Black or African American,98,62,47,56,98,62,47,56,97,63,48,56
220904,Mathematics,Race/Ethnicity,Hispanic/Latino,149,123,54,106,149,123,54,106,149,122,55,108
220904,Mathematics,Race/Ethnicity,Other,7,5,3,4,NA,NA,NA,NA,7,5,1,3
220904,Mathematics,Race/Ethnicity,White,10,8,5,7,NA,NA,NA,NA,9,9,5,6
220904,Mathematics,Homeless,Homeless,12,6,3,5,12,NA,NA,NA,14,8,4,4
220904,Mathematics,In Foster Care,In Foster Care,3,2,1,2,NA,NA,NA,NA,4,2,0,2
220907,Emergent Literacy Reading,Race/Ethnicity,Black or African American,133,106,60,37,133,106,60,37,133,106,59,37
220907,Emergent Literacy Reading,Race/Ethnicity,Hispanic/Latino,241,211,99,82,241,211,99,82,241,210,100,83
220907,Emergent Literacy Reading,Race/Ethnicity,Other,201,188,88,56,201,188,88,56,203,188,89,57
220907,Emergent Literacy Reading,Race/Ethnicity,White,142,132,74,58,142,132,74,58,142,133,74,57
220907,Emergent Literacy Reading,Homeless,Homeless,11,11,8,6,11,11,NA,NA,12,10,10,7
220907,Emergent Literacy Reading,In Foster Care,In Foster Care,15,14,7,6,15,14,NA,NA,13,11,7,5
220907,Emergent Literacy Writing,Race/Ethnicity,Black or African American,133,100,56,24,133,100,56,24,133,100,55,24
220907,Emergent Literacy Writing,Race/Ethnicity,Hispanic/Latino,241,204,67,29,241,204,67,29,241,203,68,30
220907,Emergent Literacy Writing,Race/Ethnicity,Other,201,180,102,40,201,180,102,40,200,181,103,41
220907,Emergent Literacy Writing,Race/Ethnicity,White,142,128,85,44,142,128,85,44,142,130,85,44
220907,Emergent Literacy Writing,Homeless,Homeless,11,8,8,4,11,NA,NA,NA,8,7,7,3
220907,Emergent Literacy Writing,In Foster Care,In Foster Care,15,13,3,6,15,13,NA,NA,14,13,4,5
220907,Health and Wellness,Race/Ethnicity,Black or African American,133,107,96,34,133,107,96,34,132,107,96,33
220907,Health and Wellness,Race/Ethnicity,Hispanic/Latino,241,211,170,82,241,211,170,82,241,212,170,84
220907,Health and Wellness,Race/Ethnicity,Other,201,189,156,51,201,189,156,51,201,188,157,51
220907,Health and Wellness,Race/Ethnicity,White,142,133,113,50,142,133,113,50,142,134,111,49
220907,Health and Wellness,Homeless,Homeless,11,11,11,6,11,11,11,NA,11,10,10,6
220907,Health and Wellness,In Foster Care,In Foster Care,15,14,5,5,15,14,NA,NA,16,14,5,4
220907,Language and Communication,Race/Ethnicity,Black or African American,133,107,86,71,133,107,86,71,134,109,84,71
220907,Language and Communication,Race/Ethnicity,Hispanic/Latino,241,130,100,89,241,130,100,89,240,130,100,88
220907,Language and Communication,Race/Ethnicity,Other,201,188,127,124,201,188,127,124,202,186,128,123
220907,Language and Communication,Race/Ethnicity,White,142,133,109,100,142,133,109,100,143,132,106,101
220907,Language and Communication,Homeless,Homeless,11,11,11,6,11,11,11,NA,11,10,10,7
220907,Language and Communication,In Foster Care,In Foster Care,15,14,4,3,15,14,NA,NA,15,13,5,4
220907,Mathematics,Race/Ethnicity,Black or African American,133,98,52,25,133,98,52,25,133,99,51,25
220907,Mathematics,Race/Ethnicity,Hispanic/Latino,241,199,107,70,241,199,107,70,243,200,108,71
220907,Mathematics,Race/Ethnicity,Other,201,175,90,46,201,175,90,46,202,176,91,46
220907,Mathematics,Race/Ethnicity,White,142,124,77,49,142,124,77,49,143,124,77,50
220907,Mathematics,Homeless,Homeless,11,8,8,5,11,NA,NA,NA,11,8,7,6
220907,Mathematics,In Foster Care,In Foster Care,15,13,8,6,15,13,NA,NA,16,13,9,6
220908,Emergent Literacy Reading,Race/Ethnicity,Black or African American,471,404,278,357,471,404,278,357,471,404,278,358
220908,Emergent Literacy Reading,Race/Ethnicity,Hispanic/Latino,363,310,128,263,363,310,128,263,363,309,130,262
220908,Emergent Literacy Reading,Race/Ethnicity,Other,211,194,130,175,211,194,130,175,212,194,132,173
220908,Emergent Literacy Reading,Race/Ethnicity,White,184,158,89,130,184,158,89,130,184,157,88,130
220908,Emergent Literacy Reading,Homeless,Homeless,14,9,9,9,14,NA,NA,NA,14,10,9,9
220908,Emergent Literacy Reading,In Foster Care,In Foster Care,20,14,7,8,20,14,NA,NA,21,15,8,8
220908,Emergent Literacy Writing,Race/Ethnicity,Black or African American,471,401,375,378,471,401,375,378,472,401,375,378
220908,Emergent Literacy Writing,Race/Ethnicity,Hispanic/Latino,363,306,276,287,363,306,276,287,364,303,275,286
220908,Emergent Literacy Writing,Race/Ethnicity,Other,211,194,178,183,211,194,178,183,212,194,178,183
220908,Emergent Literacy Writing,Race/Ethnicity,White,184,153,139,145,184,153,139,145,185,152,138,144
220908,Emergent Literacy Writing,Homeless,Homeless,14,9,9,9,14,NA,NA,NA,14,8,8,8
220908,Emergent Literacy Writing,In Foster Care,In Foster Care,20,14,14,14,20,14,14,14,21,14,14,14
220908,Health and Wellness,Race/Ethnicity,Black or African American,471,388,377,357,471,388,377,357,470,389,376,358
220908,Health and Wellness,Race/Ethnicity,Hispanic/Latino,363,295,280,272,363,295,280,272,363,295,280,272
220908,Health and Wellness,Race/Ethnicity,Other,211,188,182,177,211,188,182,177,210,187,181,177
220908,Health and Wellness,Race/Ethnicity,White,184,147,141,134,184,147,141,134,186,145,139,134
220908,Health and Wellness,Homeless,Homeless,14,7,7,7,14,NA,NA,NA,13,5,5,5
220908,Health and Wellness,In Foster Care,In Foster Care,20,14,14,7,20,14,14,NA,19,14,14,7
220908,Language and Communication,Race/Ethnicity,Black or African American,471,404,203,322,471,404,203,322,471,405,203,323
220908,Language and Communication,Race/Ethnicity,Hispanic/Latino,363,310,146,228,363,310,146,228,364,311,145,227
220908,Language and Communication,Race/Ethnicity,Other,211,194,87,148,211,194,87,148,210,195,87,146
220908,Language and Communication,Race/Ethnicity,White,184,156,78,122,184,156,78,122,185,157,78,123
220908,Language and Communication,Homeless,Homeless,14,8,8,8,14,NA,NA,NA,15,9,9,9
220908,Language and Communication,In Foster Care,In Foster Care,20,14,5,7,20,14,NA,NA,19,14,3,7
220908,Mathematics,Race/Ethnicity,Black or African American,471,398,361,375,471,398,361,375,470,397,361,375
220908,Mathematics,Race/Ethnicity,Hispanic/Latino,363,302,251,295,363,302,251,295,364,303,252,294
220908,Mathematics,Race/Ethnicity,Other,211,192,173,186,211,192,173,186,211,192,175,186
220908,Mathematics,Race/Ethnicity,White,184,155,134,147,184,155,134,147,183,156,135,147
220908,Mathematics,Homeless,Homeless,14,7,7,7,14,NA,NA,NA,14,8,7,7
220908,Mathematics,In Foster Care,In Foster Care,20,14,9,9,20,14,NA,NA,20,14,10,8
220916,Emergent Literacy Reading,Race/Ethnicity,Black or African American,271,215,115,192,271,215,115,192,269,215,116,191
220916,Emergent Literacy Reading,Race/Ethnicity,Hispanic/Latino,333,290,107,238,333,290,107,238,333,291,106,239
220916,Emergent Literacy Reading,Race/Ethnicity,Other,275,242,173,222,275,242,173,222,274,241,174,219
220916,Emergent Literacy Reading,Race/Ethnicity,White,182,158,88,142,182,158,88,142,181,159,87,143
220916,Emergent Literacy Reading,Homeless,Homeless,52,44,17,39,52,44,17,39,51,46,18,41
220916,Emergent Literacy Reading,In Foster Care,In Foster Care,7,6,5,6,NA,NA,NA,NA,6,5,5,5
220916,Emergent Literacy Writing,Race/Ethnicity,Black or African American,271,213,198,179,271,213,198,179,268,213,198,178
220916,Emergent Literacy Writing,Race/Ethnicity,Hispanic/Latino,333,269,240,230,333,269,240,230,335,268,240,233
220916,Emergent Literacy Writing,Race/Ethnicity,Other,275,242,225,225,275,242,225,225,277,240,225,225
220916,Emergent Literacy Writing,Race/Ethnicity,White,182,157,147,145,182,157,147,145,182,157,146,146
220916,Emergent Literacy Writing,Homeless,Homeless,52,42,24,32,52,42,24,32,52,43,26,31
220916,Emergent Literacy Writing,In Foster Care,In Foster Care,7,6,6,6,NA,NA,NA,NA,8,5,4,5
220916,Health and Wellness,Race/Ethnicity,Black or African American,271,214,209,192,271,214,209,192,271,212,209,192
220916,Health and Wellness,Race/Ethnicity,Hispanic/Latino,333,290,283,256,333,290,283,256,334,289,285,256
220916,Health and Wellness,Race/Ethnicity,Other,275,242,155,218,275,242,155,218,275,242,154,216
220916,Health and Wellness,Race/Ethnicity,White,182,158,158,142,182,158,158,142,181,158,158,144
220916,Health and Wellness,Homeless,Homeless,52,44,44,39,52,44,44,39,53,44,43,39
220916,Health and Wellness,In Foster Care,In Foster Care,7,6,6,6,NA,NA,NA,NA,6,6,6,6
220916,Language and Communication,Race/Ethnicity,Black or African American,271,215,80,134,271,215,80,134,273,216,80,134
220916,Language and Communication,Race/Ethnicity,Hispanic/Latino,333,290,119,190,333,290,119,190,332,291,119,191
220916,Language and Communication,Race/Ethnicity,Other,275,242,108,181,275,242,108,181,277,242,110,181
220916,Language and Communication,Race/Ethnicity,White,182,158,73,98,182,158,73,98,182,158,75,96
220916,Language and Communication,Homeless,Homeless,52,44,24,34,52,44,24,34,52,43,24,33
220916,Language and Communication,In Foster Care,In Foster Care,7,6,3,5,NA,NA,NA,NA,7,7,5,4
220916,Mathematics,Race/Ethnicity,Black or African American,271,215,177,191,271,215,177,191,270,215,177,191
220916,Mathematics,Race/Ethnicity,Hispanic/Latino,333,289,221,252,333,289,221,252,331,290,221,250
220916,Mathematics,Race/Ethnicity,Other,275,242,212,226,275,242,212,226,275,241,212,226
220916,Mathematics,Race/Ethnicity,White,182,158,136,148,182,158,136,148,183,158,135,148
220916,Mathematics,Homeless,Homeless,52,44,34,23,52,44,34,23,51,43,33,23
220916,Mathematics,In Foster Care,In Foster Care,7,6,6,6,NA,NA,NA,NA,8,7,7,6
220918,Emergent Literacy Reading,Race/Ethnicity,Black or African American,206,146,76,120,206,146,76,120,205,146,78,121
220918,Emergent Literacy Reading,Race/Ethnicity,Hispanic/Latino,282,232,87,175,282,232,87,175,283,233,83,175
220918,Emergent Literacy Reading,Race/Ethnicity,Other,138,113,83,102,138,113,83,102,139,114,82,102
220918,Emergent Literacy Reading,Race/Ethnicity,White,94,74,34,61,94,74,34,61,92,74,35,62
220918,Emergent Literacy Reading,Homeless,Homeless,13,13,7,13,13,13,NA,13,12,11,8,11
220918,Emergent Literacy Reading,In Foster Care,In Foster Care,12,6,3,4,12,NA,NA,NA,13,8,4,4
220918,Emergent Literacy Writing,Race/Ethnicity,Black or African American,206,143,129,120,206,143,129,120,207,144,130,120
220918,Emergent Literacy Writing,Race/Ethnicity,Hispanic/Latino,282,227,204,213,282,227,204,213,283,228,204,214
220918,Emergent Literacy Writing,Race/Ethnicity,Other,138,107,99,99,138,107,99,99,138,108,99,97
220918,Emergent Literacy Writing,Race/Ethnicity,White,94,72,66,64,94,72,66,64,95,74,67,64
220918,Emergent Literacy Writing,Homeless,Homeless,15,15,15,14,15,15,15,14,15,14,14,14
220918,Emergent Literacy Writing,In Foster Care,In Foster Care,12,6,6,4,12,NA,NA,NA,10,5,5,4
220918,Health and Wellness,Race/Ethnicity,Black or African American,206,146,139,128,206,146,139,128,206,145,138,129
220918,Health and Wellness,Race/Ethnicity,Hispanic/Latino,282,231,216,217,282,231,216,217,281,233,215,218
220918,Health and Wellness,Race/Ethnicity,Other,138,111,73,105,138,111,73,105,139,111,74,106
220918,Health and Wellness,Race/Ethnicity,White,94,74,74,65,94,74,74,65,94,76,74,65
220918,Health and Wellness,Homeless,Homeless,15,15,15,14,15,15,15,14,13,13,13,12
220918,Health and Wellness,In Foster Care,In Foster Care,12,6,6,4,12,NA,NA,NA,11,7,7,4
220918,Language and Communication,Race/Ethnicity,Black or African American,206,146,52,105,206,146,52,105,208,146,52,105
220918,Language and Communication,Race/Ethnicity,Hispanic/Latino,282,232,110,163,282,232,110,163,282,233,109,163
220918,Language and Communication,Race/Ethnicity,Other,138,113,38,74,138,113,38,74,139,112,39,75
220918,Language and Communication,Race/Ethnicity,White,94,74,39,57,94,74,39,57,94,74,39,56
220918,Language and Communication,Homeless,Homeless,11,11,7,11,11,11,NA,11,9,9,7,9
220918,Language and Communication,In Foster Care,In Foster Care,12,6,2,4,12,NA,NA,NA,12,3,1,3
220918,Mathematics,Race/Ethnicity,Black or African American,206,143,113,128,206,143,113,128,203,144,115,129
220918,Mathematics,Race/Ethnicity,Hispanic/Latino,282,230,193,209,282,230,193,209,281,228,192,208
220918,Mathematics,Race/Ethnicity,Other,138,112,99,68,138,112,99,68,139,112,97,68
220918,Mathematics,Race/Ethnicity,White,94,74,65,74,94,74,65,74,92,74,65,74
220918,Mathematics,Homeless,Homeless,14,14,13,14,14,14,13,14,14,12,12,12
220918,Mathematics,In Foster Care,In Foster Care,12,6,6,6,12,NA,NA,NA,14,7,7,5
225902,Emergent Literacy Reading,Race/Ethnicity,Black or African American,29,27,12,14,29,27,12,14,32,27,14,15
225902,Emergent Literacy Reading,Race/Ethnicity,Hispanic/Latino,181,169,77,124,181,169,77,124,180,170,78,123
225902,Emergent Literacy Reading,Race/Ethnicity,Other,2,1,1,1,NA,NA,NA,NA,4,1,1,1
225902,Emergent Literacy Reading,Race/Ethnicity,White,6,5,4,4,NA,NA,NA,NA,5,5,5,5
225902,Emergent Literacy Reading,Homeless,Homeless,8,6,2,4,NA,NA,NA,NA,7,6,1,5
225902,Emergent Literacy Reading,In Foster Care,In Foster Care,3,3,1,2,NA,NA,NA,NA,4,4,3,4
225902,Emergent Literacy Writing,Race/Ethnicity,Black or African American,29,26,18,20,29,26,18,20,29,25,19,19
225902,Emergent Literacy Writing,Race/Ethnicity,Hispanic/Latino,181,169,139,139,181,169,139,139,181,168,139,139
225902,Emergent Literacy Writing,Race/Ethnicity,Other,7,7,7,1,NA,NA,NA,NA,8,8,8,2
225902,Emergent Literacy Writing,Race/Ethnicity,White,6,5,5,5,NA,NA,NA,NA,6,4,3,4
225902,Emergent Literacy Writing,Homeless,Homeless,8,6,6,5,NA,NA,NA,NA,8,6,6,4
225902,Emergent Literacy Writing,In Foster Care,In Foster Care,3,3,1,1,NA,NA,NA,NA,3,2,1,0
225902,Health and Wellness,Race/Ethnicity,Black or African American,29,27,27,20,29,27,27,20,29,27,27,20
225902,Health and Wellness,Race/Ethnicity,Hispanic/Latino,181,169,159,151,181,169,159,151,182,169,160,150
225902,Health and Wellness,Race/Ethnicity,Other,2,1,1,1,NA,NA,NA,NA,2,1,0,1
225902,Health and Wellness,Race/Ethnicity,White,6,5,5,4,NA,NA,NA,NA,7,6,5,3
225902,Health and Wellness,Homeless,Homeless,8,6,6,4,NA,NA,NA,NA,8,6,6,3
225902,Health and Wellness,In Foster Care,In Foster Care,3,2,1,1,NA,NA,NA,NA,3,1,0,0
225902,Language and Communication,Race/Ethnicity,Black or African American,29,27,12,17,29,27,12,17,26,26,11,16
225902,Language and Communication,Race/Ethnicity,Hispanic/Latino,181,169,105,114,181,169,105,114,179,170,105,115
225902,Language and Communication,Race/Ethnicity,Other,2,1,1,1,NA,NA,NA,NA,3,1,0,1
225902,Language and Communication,Race/Ethnicity,White,6,5,4,4,NA,NA,NA,NA,7,7,6,5
225902,Language and Communication,Homeless,Homeless,8,6,3,3,NA,NA,NA,NA,6,6,3,2
225902,Language and Communication,In Foster Care,In Foster Care,3,3,2,2,NA,NA,NA,NA,3,2,2,2
225902,Mathematics,Race/Ethnicity,Black or African American,29,27,22,22,29,27,22,22,30,25,21,22
225902,Mathematics,Race/Ethnicity,Hispanic/Latino,181,169,142,130,181,169,142,130,179,170,143,130
225902,Mathematics,Race/Ethnicity,Other,2,1,1,1,NA,NA,NA,NA,1,1,1,1
225902,Mathematics,Race/Ethnicity,White,6,5,4,4,NA,NA,NA,NA,5,4,4,4
225902,Mathematics,Homeless,Homeless,8,6,5,4,NA,NA,NA,NA,6,4,3,3
225902,Mathematics,In Foster Care,In Foster Care,3,3,1,1,NA,NA,NA,NA,5,4,4,2
226903,Emergent Literacy Reading,Race/Ethnicity,Black or African American,14,9,5,6,14,NA,NA,NA,14,10,5,6
226903,Emergent Literacy Reading,Race/Ethnicity,Hispanic/Latino,191,152,49,113,191,152,49,113,190,150,48,112
226903,Emergent Literacy Reading,Race/Ethnicity,Other,18,13,8,9,18,NA,NA,NA,18,14,6,9
226903,Emergent Literacy Reading,Race/Ethnicity,White,65,48,23,37,65,48,23,37,65,49,22,37
226903,Emergent Literacy Reading,Homeless,Homeless,9,6,1,3,NA,NA,NA,NA,9,7,1,4
226903,Emergent Literacy Reading,In Foster Care,In Foster Care,5,3,2,1,NA,NA,NA,NA,6,2,2,1
226903,Emergent Literacy Writing,Race/Ethnicity,Black or African American,14,9,8,4,14,NA,NA,NA,14,11,7,4
226903,Emergent Literacy Writing,Race/Ethnicity,Hispanic/Latino,191,138,125,133,191,138,125,133,191,138,124,133
226903,Emergent Literacy Writing,Race/Ethnicity,Other,18,12,11,6,18,NA,NA,NA,18,10,10,5
226903,Emergent Literacy Writing,Race/Ethnicity,White,65,46,41,46,65,46,41,46,68,46,39,45
226903,Emergent Literacy Writing,Homeless,Homeless,9,5,5,5,NA,NA,NA,NA,9,6,4,6
226903,Emergent Literacy Writing,In Foster Care,In Foster Care,5,3,1,3,NA,NA,NA,NA,7,1,1,1
226903,Health and Wellness,Race/Ethnicity,Black or African American,14,9,8,4,14,NA,NA,NA,13,10,8,5
226903,Health and Wellness,Race/Ethnicity,Hispanic/Latino,191,151,135,144,191,151,135,144,193,151,135,143
226903,Health and Wellness,Race/Ethnicity,Other,18,13,5,7,18,NA,NA,NA,18,11,4,7
226903,Health and Wellness,Race/Ethnicity,White,65,49,49,49,65,49,49,49,64,48,48,48
226903,Health and Wellness,Homeless,Homeless,9,6,6,6,NA,NA,NA,NA,10,6,5,6
226903,Health and Wellness,In Foster Care,In Foster Care,5,3,3,3,NA,NA,NA,NA,5,2,2,2
226903,Language and Communication,Race/Ethnicity,Black or African American,14,9,4,7,14,NA,NA,NA,15,11,4,6
226903,Language and Communication,Race/Ethnicity,Hispanic/Latino,191,152,86,114,191,152,86,114,192,151,85,113
226903,Language and Communication,Race/Ethnicity,Other,18,13,10,11,18,NA,NA,NA,19,12,8,10
226903,Language and Communication,Race/Ethnicity,White,65,48,35,37,65,48,35,37,64,48,36,37
226903,Language and Communication,Homeless,Homeless,9,6,3,6,NA,NA,NA,NA,10,6,3,6
226903,Language and Communication,In Foster Care,In Foster Care,5,3,3,1,NA,NA,NA,NA,6,4,2,1
226903,Mathematics,Race/Ethnicity,Black or African American,14,9,9,8,14,NA,NA,NA,13,8,8,8
226903,Mathematics,Race/Ethnicity,Hispanic/Latino,191,152,116,141,191,152,116,141,194,150,116,140
226903,Mathematics,Race/Ethnicity,Other,18,12,7,11,18,NA,NA,NA,17,13,6,11
226903,Mathematics,Race/Ethnicity,White,65,49,43,44,65,49,43,44,63,49,43,43
226903,Mathematics,Homeless,Homeless,9,6,4,6,NA,NA,NA,NA,9,6,2,5
226903,Mathematics,In Foster Care,In Foster Care,5,3,1,1,NA,NA,NA,NA,5,4,2,0
227820,Emergent Literacy Reading,Race/Ethnicity,Black or African American,789,528,334,461,789,528,334,461,788,525,332,462
227820,Emergent Literacy Reading,Race/Ethnicity,Hispanic/Latino,1406,1021,314,795,1406,1021,314,795,1405,1020,315,795
227820,Emergent Literacy Reading,Race/Ethnicity,Other,146,101,73,87,146,101,73,87,147,101,73,87
227820,Emergent Literacy Reading,Race/Ethnicity,White,76,49,24,43,76,49,24,43,77,47,25,44
227820,Emergent Literacy Reading,Homeless,Homeless,170,117,46,88,170,117,46,88,170,117,46,88
227820,Emergent Literacy Reading,In Foster Care,In Foster Care,9,7,4,6,NA,NA,NA,NA,9,7,4,6
227820,Emergent Literacy Writing,Race/Ethnicity,Black or African American,789,509,471,463,789,509,471,463,789,508,470,464
227820,Emergent Literacy Writing,Race/Ethnicity,Hispanic/Latino,1406,989,885,912,1406,989,885,912,1405,989,884,911
227820,Emergent Literacy Writing,Race/Ethnicity,Other,146,77,62,64,146,77,62,64,147,77,61,63
227820,Emergent Literacy Writing,Race/Ethnicity,White,76,43,43,43,76,43,43,43,75,43,43,43
227820,Emergent Literacy Writing,Homeless,Homeless,170,95,87,82,170,95,87,82,170,95,87,82
227820,Emergent Literacy Writing,In Foster Care,In Foster Care,9,7,6,6,NA,NA,NA,NA,8,7,5,7
227820,Health and Wellness,Race/Ethnicity,Black or African American,789,530,522,468,789,530,522,468,788,531,522,469
227820,Health and Wellness,Race/Ethnicity,Hispanic/Latino,1406,1002,959,919,1406,1002,959,919,1405,1004,960,919
227820,Health and Wellness,Race/Ethnicity,Other,146,97,79,77,146,97,79,77,145,97,77,78
227820,Health and Wellness,Race/Ethnicity,White,76,47,47,47,76,47,47,47,73,45,45,45
227820,Health and Wellness,Homeless,Homeless,170,97,44,85,170,97,44,85,169,97,43,85
227820,Health and Wellness,In Foster Care,In Foster Care,9,7,7,5,NA,NA,NA,NA,9,8,7,4
227820,Language and Communication,Race/Ethnicity,Black or African American,789,553,290,467,789,553,290,467,789,552,288,465
227820,Language and Communication,Race/Ethnicity,Hispanic/Latino,1406,1061,321,700,1406,1061,321,700,1406,1061,320,698
227820,Language and Communication,Race/Ethnicity,Other,146,106,44,84,146,106,44,84,146,105,44,81
227820,Language and Communication,Race/Ethnicity,White,76,49,24,35,76,49,24,35,75,49,23,34
227820,Language and Communication,Homeless,Homeless,170,122,42,79,170,122,42,79,171,121,43,80
227820,Language and Communication,In Foster Care,In Foster Care,9,7,3,5,NA,NA,NA,NA,8,8,3,5
227820,Mathematics,Race/Ethnicity,Black or African American,789,576,516,552,789,576,516,552,787,576,516,552
227820,Mathematics,Race/Ethnicity,Hispanic/Latino,1406,1140,838,1035,1406,1140,838,1035,1405,1142,837,1035
227820,Mathematics,Race/Ethnicity,Other,146,113,95,89,146,113,95,89,148,114,93,90
227820,Mathematics,Race/Ethnicity,White,76,55,49,55,76,55,49,55,76,55,48,55
227820,Mathematics,Homeless,Homeless,170,129,97,115,170,129,97,115,170,130,98,115
227820,Mathematics,In Foster Care,In Foster Care,9,8,6,7,NA,NA,NA,NA,7,7,4,6
227901,Emergent Literacy Reading,Race/Ethnicity,Black or African American,247,162,72,115,247,162,72,115,246,163,72,116
227901,Emergent Literacy Reading,Race/Ethnicity,Hispanic/Latino,2206,1738,580,1289,2206,1738,580,1289,2205,1739,581,1290
227901,Emergent Literacy Reading,Race/Ethnicity,Other,338,284,212,249,338,284,212,249,339,283,213,248
227901,Emergent Literacy Reading,Race/Ethnicity,White,633,572,352,495,633,572,352,495,633,572,351,496
227901,Emergent Literacy Reading,Homeless,Homeless,103,49,17,30,103,49,17,30,103,51,18,29
227901,Emergent Literacy Reading,In Foster Care,In Foster Care,25,12,10,12,25,12,10,12,25,14,10,12
227901,Emergent Literacy Writing,Race/Ethnicity,Black or African American,247,163,149,125,247,163,149,125,247,163,148,125
227901,Emergent Literacy Writing,Race/Ethnicity,Hispanic/Latino,2206,1651,1454,1405,2206,1651,1454,1405,2205,1649,1453,1403
227901,Emergent Literacy Writing,Race/Ethnicity,Other,338,273,263,265,338,273,263,265,339,273,263,264
227901,Emergent Literacy Writing,Race/Ethnicity,White,633,545,522,516,633,545,522,516,633,546,522,516
227901,Emergent Literacy Writing,Homeless,Homeless,103,46,46,46,103,46,46,46,103,47,45,47
227901,Emergent Literacy Writing,In Foster Care,In Foster Care,25,12,12,12,25,12,12,12,24,12,12,11
227901,Health and Wellness,Race/Ethnicity,Black or African American,247,114,91,73,247,114,91,73,247,113,92,72
227901,Health and Wellness,Race/Ethnicity,Hispanic/Latino,2206,1154,1134,933,2206,1154,1134,933,2207,1155,1134,932
227901,Health and Wellness,Race/Ethnicity,Other,338,210,210,178,338,210,210,178,337,211,211,177
227901,Health and Wellness,Race/Ethnicity,White,633,415,410,361,633,415,410,361,634,413,409,362
227901,Health and Wellness,Homeless,Homeless,103,36,36,29,103,36,36,29,103,36,36,27
227901,Health and Wellness,In Foster Care,In Foster Care,25,9,9,9,25,NA,NA,NA,26,8,8,8
227901,Language and Communication,Race/Ethnicity,Black or African American,247,161,61,112,247,161,61,112,248,161,63,111
227901,Language and Communication,Race/Ethnicity,Hispanic/Latino,2206,1739,1079,1138,2206,1739,1079,1138,2207,1737,1079,1139
227901,Language and Communication,Race/Ethnicity,Other,338,284,143,202,338,284,143,202,340,284,144,202
227901,Language and Communication,Race/Ethnicity,White,633,571,409,479,633,571,409,479,633,571,410,478
227901,Language and Communication,Homeless,Homeless,103,52,32,36,103,52,32,36,101,53,32,37
227901,Language and Communication,In Foster Care,In Foster Care,25,12,6,7,25,12,NA,NA,23,10,5,6
227901,Mathematics,Race/Ethnicity,Black or African American,247,118,92,101,247,118,92,101,247,118,93,100
227901,Mathematics,Race/Ethnicity,Hispanic/Latino,2206,1269,1013,1124,2206,1269,1013,1124,2206,1266,1015,1124
227901,Mathematics,Race/Ethnicity,Other,338,203,186,190,338,203,186,190,339,203,185,190
227901,Mathematics,Race/Ethnicity,White,633,388,366,365,633,388,366,365,633,389,367,364
227901,Mathematics,Homeless,Homeless,103,32,23,25,103,32,23,25,102,31,23,26
227901,Mathematics,In Foster Care,In Foster Care,25,9,9,9,25,NA,NA,NA,26,9,9,9
230902,Emergent Literacy Reading,Race/Ethnicity,Black or African American,17,12,12,11,17,12,12,NA,17,13,13,11
230902,Emergent Literacy Reading,Race/Ethnicity,Hispanic/Latino,28,22,8,22,28,22,NA,22,28,20,7,20
230902,Emergent Literacy Reading,Race/Ethnicity,Other,19,12,5,4,19,12,NA,NA,18,11,6,5
230902,Emergent Literacy Reading,Race/Ethnicity,White,59,46,15,37,59,46,15,37,58,47,14,35
230902,Emergent Literacy Reading,Homeless,Homeless,10,6,1,2,10,NA,NA,NA,8,6,0,1
230902,Emergent Literacy Reading,In Foster Care,In Foster Care,7,5,0,1,NA,NA,NA,NA,6,6,0,1
230902,Emergent Literacy Writing,Race/Ethnicity,Black or African American,17,10,10,10,17,10,NA,10,15,8,8,8
230902,Emergent Literacy Writing,Race/Ethnicity,Hispanic/Latino,28,22,17,22,28,22,17,22,28,23,17,21
230902,Emergent Literacy Writing,Race/Ethnicity,Other,19,11,4,11,19,11,NA,11,20,11,3,11
230902,Emergent Literacy Writing,Race/Ethnicity,White,59,41,33,28,59,41,33,28,57,41,31,28
230902,Emergent Literacy Writing,Homeless,Homeless,10,5,2,2,10,NA,NA,NA,11,7,2,3
230902,Emergent Literacy Writing,In Foster Care,In Foster Care,7,1,1,1,NA,NA,NA,NA,7,3,1,0
230902,Health and Wellness,Race/Ethnicity,Black or African American,17,12,12,12,17,12,12,NA,17,11,11,11
230902,Health and Wellness,Race/Ethnicity,Hispanic/Latino,28,22,16,22,28,22,16,22,29,22,17,22
230902,Health and Wellness,Race/Ethnicity,Other,19,12,10,4,19,12,10,NA,20,9,9,4
230902,Health and Wellness,Race/Ethnicity,White,59,46,37,38,59,46,37,38,60,48,37,38
230902,Health and Wellness,Homeless,Homeless,10,6,6,2,10,NA,NA,NA,10,5,5,1
230902,Health and Wellness,In Foster Care,In Foster Care,7,5,1,1,NA,NA,NA,NA,6,4,2,0
230902,Language and Communication,Race/Ethnicity,Black or African American,17,12,11,12,17,12,11,12,17,13,10,11
230902,Language and Communication,Race/Ethnicity,Hispanic/Latino,28,22,8,11,28,22,NA,NA,27,22,9,12
230902,Language and Communication,Race/Ethnicity,Other,19,12,5,6,19,12,NA,NA,19,13,5,5
230902,Language and Communication,Race/Ethnicity,White,59,46,31,34,59,46,31,34,59,46,32,33
230902,Language and Communication,Homeless,Homeless,10,6,2,2,10,NA,NA,NA,10,5,2,3
230902,Language and Communication,In Foster Care,In Foster Care,7,5,1,1,NA,NA,NA,NA,7,5,2,3
230902,Mathematics,Race/Ethnicity,Black or African American,17,12,12,10,17,12,NA,10,18,13,10,10
230902,Mathematics,Race/Ethnicity,Hispanic/Latino,28,22,22,21,28,22,22,21,27,22,22,21
230902,Mathematics,Race/Ethnicity,Other,19,12,5,12,19,12,NA,12,19,11,5,11
230902,Mathematics,Race/Ethnicity,White,59,46,41,40,59,46,41,40,58,46,41,40
230902,Mathematics,Homeless,Homeless,10,6,3,2,10,NA,NA,NA,9,8,3,0
230902,Mathematics,In Foster Care,In Foster Care,7,5,1,1,NA,NA,NA,NA,6,6,2,4
233901,Emergent Literacy Reading,Race/Ethnicity,Black or African American,3,2,1,1,NA,NA,NA,NA,2,2,1,2
233901,Emergent Literacy Reading,Race/Ethnicity,Hispanic/Latino,343,296,80,178,343,296,80,178,343,296,80,178
233901,Emergent Literacy Reading,Race/Ethnicity,Other,4,2,1,2,NA,NA,NA,NA,5,2,1,1
233901,Emergent Literacy Reading,Race/Ethnicity,White,28,18,6,16,28,18,NA,16,27,17,5,15
233901,Emergent Literacy Reading,Homeless,Homeless,13,6,1,3,13,NA,NA,NA,13,5,0,2
233901,Emergent Literacy Reading,In Foster Care,In Foster Care,7,5,2,1,NA,NA,NA,NA,7,4,2,1
233901,Emergent Literacy Writing,Race/Ethnicity,Black or African American,3,2,1,2,NA,NA,NA,NA,3,1,0,1
233901,Emergent Literacy Writing,Race/Ethnicity,Hispanic/Latino,343,295,254,266,343,295,254,266,343,296,255,267
233901,Emergent Literacy Writing,Race/Ethnicity,Other,4,2,2,2,NA,NA,NA,NA,2,2,2,0
233901,Emergent Literacy Writing,Race/Ethnicity,White,28,18,14,18,28,18,14,18,27,16,15,16
233901,Emergent Literacy Writing,Homeless,Homeless,13,6,6,6,13,NA,NA,NA,13,6,5,5
233901,Emergent Literacy Writing,In Foster Care,In Foster Care,7,4,2,4,NA,NA,NA,NA,7,4,3,2
233901,Health and Wellness,Race/Ethnicity,Black or African American,3,2,2,2,NA,NA,NA,NA,2,1,1,1
233901,Health and Wellness,Race/Ethnicity,Hispanic/Latino,343,291,265,258,343,291,265,258,344,293,266,259
233901,Health and Wellness,Race/Ethnicity,Other,4,2,2,2,NA,NA,NA,NA,5,4,3,1
233901,Health and Wellness,Race/Ethnicity,White,28,18,18,18,28,18,18,18,28,17,17,17
233901,Health and Wellness,Homeless,Homeless,13,6,6,6,13,NA,NA,NA,13,7,6,7
233901,Health and Wellness,In Foster Care,In Foster Care,7,4,4,4,NA,NA,NA,NA,8,7,6,4
233901,Language and Communication,Race/Ethnicity,Black or African American,3,2,0,1,NA,NA,NA,NA,5,1,0,0
233901,Language and Communication,Race/Ethnicity,Hispanic/Latino,343,296,63,134,343,296,63,134,343,294,62,132
233901,Language and Communication,Race/Ethnicity,Other,4,2,1,2,NA,NA,NA,NA,5,2,0,2
233901,Language and Communication,Race/Ethnicity,White,28,18,8,16,28,18,NA,16,29,19,7,18
233901,Language and Communication,Homeless,Homeless,13,6,2,3,13,NA,NA,NA,14,9,1,2
233901,Language and Communication,In Foster Care,In Foster Care,7,5,2,1,NA,NA,NA,NA,5,5,5,1
233901,Mathematics,Race/Ethnicity,Black or African American,3,2,2,1,NA,NA,NA,NA,5,1,1,1
233901,Mathematics,Race/Ethnicity,Hispanic/Latino,343,292,186,237,343,292,186,237,341,291,187,236
233901,Mathematics,Race/Ethnicity,Other,4,2,1,2,NA,NA,NA,NA,5,3,1,2
233901,Mathematics,Race/Ethnicity,White,28,18,15,17,28,18,15,17,26,19,15,19
233901,Mathematics,Homeless,Homeless,13,6,4,6,13,NA,NA,NA,13,5,4,5
233901,Mathematics,In Foster Care,In Foster Care,7,5,2,2,NA,NA,NA,NA,6,4,2,2
237904,Emergent Literacy Reading,Race/Ethnicity,Black or African American,57,45,19,35,57,45,19,35,56,44,21,34
237904,Emergent Literacy Reading,Race/Ethnicity,Hispanic/Latino,283,245,64,234,283,245,64,234,281,245,63,235
237904,Emergent Literacy Reading,Race/Ethnicity,Other,27,19,10,19,27,19,10,19,24,19,9,18
237904,Emergent Literacy Reading,Race/Ethnicity,White,43,35,12,20,43,35,12,20,43,35,13,21
237904,Emergent Literacy Reading,Homeless,Homeless,13,11,3,8,13,11,NA,NA,14,12,4,7
237904,Emergent Literacy Reading,In Foster Care,In Foster Care,2,1,1,1,NA,NA,NA,NA,1,1,0,1
237904,Emergent Literacy Writing,Race/Ethnicity,Black or African American,57,46,46,41,57,46,46,41,57,48,46,39
237904,Emergent Literacy Writing,Race/Ethnicity,Hispanic/Latino,283,244,230,227,283,244,230,227,282,244,230,228
237904,Emergent Literacy Writing,Race/Ethnicity,Other,27,19,19,19,27,19,19,19,28,19,19,19
237904,Emergent Literacy Writing,Race/Ethnicity,White,43,35,20,21,43,35,20,21,43,34,19,20
237904,Emergent Literacy Writing,Homeless,Homeless,13,11,11,11,13,11,11,11,14,10,9,10
237904,Emergent Literacy Writing,In Foster Care,In Foster Care,2,1,1,1,NA,NA,NA,NA,4,1,1,1
237904,Health and Wellness,Race/Ethnicity,Black or African American,57,46,46,38,57,46,46,38,56,46,46,38
237904,Health and Wellness,Race/Ethnicity,Hispanic/Latino,283,244,217,235,283,244,217,235,282,245,220,234
237904,Health and Wellness,Race/Ethnicity,Other,27,19,19,19,27,19,19,19,28,19,19,19
237904,Health and Wellness,Race/Ethnicity,White,43,35,30,22,43,35,30,22,44,36,30,23
237904,Health and Wellness,Homeless,Homeless,13,11,11,11,13,11,11,11,14,12,11,12
237904,Health and Wellness,In Foster Care,In Foster Care,2,1,1,1,NA,NA,NA,NA,2,1,1,1
237904,Language and Communication,Race/Ethnicity,Black or African American,57,45,16,25,57,45,NA,25,58,46,17,25
237904,Language and Communication,Race/Ethnicity,Hispanic/Latino,283,244,117,153,283,244,117,153,284,243,116,153
237904,Language and Communication,Race/Ethnicity,Other,27,19,8,13,27,19,NA,13,28,18,8,14
237904,Language and Communication,Race/Ethnicity,White,43,35,23,29,43,35,23,29,43,35,23,28
237904,Language and Communication,Homeless,Homeless,13,11,5,6,13,11,NA,NA,11,11,6,5
237904,Language and Communication,In Foster Care,In Foster Care,2,1,1,1,NA,NA,NA,NA,3,1,1,1
237904,Mathematics,Race/Ethnicity,Black or African American,57,45,35,38,57,45,35,38,58,45,35,36
237904,Mathematics,Race/Ethnicity,Hispanic/Latino,283,245,140,225,283,245,140,225,283,245,140,225
237904,Mathematics,Race/Ethnicity,Other,27,19,17,19,27,19,17,19,29,17,17,17
237904,Mathematics,Race/Ethnicity,White,43,36,28,23,43,36,28,23,44,37,29,23
237904,Mathematics,Homeless,Homeless,13,11,6,11,13,11,NA,11,14,12,6,10
237904,Mathematics,In Foster Care,In Foster Care,2,1,1,1,NA,NA,NA,NA,1,1,1,0
243905,Emergent Literacy Reading,Race/Ethnicity,Black or African American,104,77,29,53,104,77,29,53,104,76,28,53
243905,Emergent Literacy Reading,Race/Ethnicity,Hispanic/Latino,286,255,70,181,286,255,70,181,286,255,69,180
243905,Emergent Literacy Reading,Race/Ethnicity,Other,57,42,22,32,57,42,22,32,56,42,24,34
243905,Emergent Literacy Reading,Race/Ethnicity,White,140,114,52,89,140,114,52,89,140,114,52,91
243905,Emergent Literacy Reading,Homeless,Homeless,24,13,3,8,24,13,NA,NA,24,13,2,8
243905,Emergent Literacy Reading,In Foster Care,In Foster Care,16,7,2,5,16,NA,NA,NA,13,6,1,6
243905,Emergent Literacy Writing,Race/Ethnicity,Black or African American,104,77,71,61,104,77,71,61,103,78,72,62
243905,Emergent Literacy Writing,Race/Ethnicity,Hispanic/Latino,286,253,238,219,286,253,238,219,285,253,237,218
243905,Emergent Literacy Writing,Race/Ethnicity,Other,57,42,42,41,57,42,42,41,55,41,41,40
243905,Emergent Literacy Writing,Race/Ethnicity,White,140,114,109,103,140,114,109,103,141,114,108,103
243905,Emergent Literacy Writing,Homeless,Homeless,24,13,13,11,24,13,13,11,25,11,11,11
243905,Emergent Literacy Writing,In Foster Care,In Foster Care,16,7,7,3,16,NA,NA,NA,15,8,5,3
243905,Health and Wellness,Race/Ethnicity,Black or African American,104,77,46,64,104,77,46,64,103,77,47,64
243905,Health and Wellness,Race/Ethnicity,Hispanic/Latino,286,253,176,229,286,253,176,229,286,254,176,228
243905,Health and Wellness,Race/Ethnicity,Other,57,42,42,40,57,42,42,40,58,41,41,40
243905,Health and Wellness,Race/Ethnicity,White,140,114,114,102,140,114,114,102,140,114,114,102
243905,Health and Wellness,Homeless,Homeless,24,13,12,11,24,13,12,11,24,14,11,11
243905,Health and Wellness,In Foster Care,In Foster Care,16,7,7,3,16,NA,NA,NA,17,6,6,3
243905,Language and Communication,Race/Ethnicity,Black or African American,104,77,35,52,104,77,35,52,103,77,36,52
243905,Language and Communication,Race/Ethnicity,Hispanic/Latino,286,254,124,152,286,254,124,152,286,254,123,153
243905,Language and Communication,Race/Ethnicity,Other,57,42,23,35,57,42,23,35,57,43,23,35
243905,Language and Communication,Race/Ethnicity,White,140,114,68,89,140,114,68,89,140,115,70,89
243905,Language and Communication,Homeless,Homeless,24,13,5,8,24,13,NA,NA,23,11,5,7
243905,Language and Communication,In Foster Care,In Foster Care,16,7,4,6,16,NA,NA,NA,14,8,4,5
243905,Mathematics,Race/Ethnicity,Black or African American,104,77,60,61,104,77,60,61,103,73,60,62
243905,Mathematics,Race/Ethnicity,Hispanic/Latino,286,253,203,225,286,253,203,225,285,252,203,225
243905,Mathematics,Race/Ethnicity,Other,57,42,36,37,57,42,36,37,56,42,36,36
243905,Mathematics,Race/Ethnicity,White,140,114,97,102,140,114,97,102,141,113,99,103
243905,Mathematics,Homeless,Homeless,24,13,10,11,24,13,10,11,22,12,9,11
243905,Mathematics,In Foster Care,In Foster Care,16,7,3,3,16,NA,NA,NA,18,8,4,2
246906,Emergent Literacy Reading,Race/Ethnicity,Black or African American,50,42,20,35,50,42,20,35,49,40,20,36
246906,Emergent Literacy Reading,Race/Ethnicity,Hispanic/Latino,186,153,45,127,186,153,45,127,186,153,45,128
246906,Emergent Literacy Reading,Race/Ethnicity,Other,77,63,34,61,77,63,34,61,79,65,33,62
246906,Emergent Literacy Reading,Race/Ethnicity,White,58,53,21,44,58,53,21,44,57,54,21,44
246906,Emergent Literacy Reading,Homeless,Homeless,8,6,2,4,NA,NA,NA,NA,7,6,2,3
246906,Emergent Literacy Reading,In Foster Care,In Foster Care,4,3,1,2,NA,NA,NA,NA,2,2,2,2
246906,Emergent Literacy Writing,Race/Ethnicity,Black or African American,50,29,18,14,50,29,18,14,49,28,17,13
246906,Emergent Literacy Writing,Race/Ethnicity,Hispanic/Latino,186,86,61,86,186,86,61,86,185,85,62,85
246906,Emergent Literacy Writing,Race/Ethnicity,Other,77,53,47,36,77,53,47,36,78,54,47,36
246906,Emergent Literacy Writing,Race/Ethnicity,White,58,43,26,39,58,43,26,39,59,41,27,38
246906,Emergent Literacy Writing,Homeless,Homeless,8,4,3,4,NA,NA,NA,NA,8,2,2,2
246906,Emergent Literacy Writing,In Foster Care,In Foster Care,4,2,1,2,NA,NA,NA,NA,3,1,1,1
246906,Health and Wellness,Race/Ethnicity,Black or African American,50,27,27,27,50,27,27,27,48,26,26,26
246906,Health and Wellness,Race/Ethnicity,Hispanic/Latino,186,92,84,92,186,92,84,92,184,91,83,91
246906,Health and Wellness,Race/Ethnicity,Other,77,51,46,51,77,51,46,51,77,51,45,50
246906,Health and Wellness,Race/Ethnicity,White,58,43,43,43,58,43,43,43,57,42,42,42
246906,Health and Wellness,Homeless,Homeless,8,4,4,4,NA,NA,NA,NA,9,4,4,4
246906,Health and Wellness,In Foster Care,In Foster Care,4,2,1,2,NA,NA,NA,NA,5,2,2,2
246906,Language and Communication,Race/Ethnicity,Black or African American,50,42,37,24,50,42,37,24,51,42,38,23
246906,Language and Communication,Race/Ethnicity,Hispanic/Latino,186,153,136,142,186,153,136,142,185,151,136,142
246906,Language and Communication,Race/Ethnicity,Other,77,63,57,57,77,63,57,57,77,64,59,58
246906,Language and Communication,Race/Ethnicity,White,58,53,47,53,58,53,47,53,58,55,46,53
246906,Language and Communication,Homeless,Homeless,8,6,6,6,NA,NA,NA,NA,8,8,6,8
246906,Language and Communication,In Foster Care,In Foster Care,4,3,2,2,NA,NA,NA,NA,5,4,2,3
246906,Mathematics,Race/Ethnicity,Black or African American,50,41,17,21,50,41,17,21,50,42,18,21
246906,Mathematics,Race/Ethnicity,Hispanic/Latino,186,152,35,57,186,152,35,57,187,154,35,58
246906,Mathematics,Race/Ethnicity,Other,77,62,22,38,77,62,22,38,77,62,21,39
246906,Mathematics,Race/Ethnicity,White,58,53,13,26,58,53,13,26,59,53,14,25
246906,Mathematics,Homeless,Homeless,8,6,2,3,NA,NA,NA,NA,6,6,3,5
246906,Mathematics,In Foster Care,In Foster Care,4,3,1,1,NA,NA,NA,NA,4,4,1,1
246908,Emergent Literacy Reading,Race/Ethnicity,Black or African American,13,8,8,8,13,NA,NA,NA,13,8,8,6
246908,Emergent Literacy Reading,Race/Ethnicity,Hispanic/Latino,75,65,24,56,75,65,24,56,75,65,24,57
246908,Emergent Literacy Reading,Race/Ethnicity,Other,86,53,33,43,86,NA,33,NA,86,53,33,44
246908,Emergent Literacy Reading,Race/Ethnicity,White,73,55,20,49,73,55,NA,49,73,55,20,50
246908,Emergent Literacy Reading,Homeless,Homeless,11,5,1,3,11,NA,NA,NA,11,3,1,3
246908,Emergent Literacy Reading,In Foster Care,In Foster Care,6,2,1,1,NA,NA,NA,NA,7,3,0,1
246908,Emergent Literacy Writing,Race/Ethnicity,Black or African American,13,8,8,8,13,NA,NA,NA,13,6,6,6
246908,Emergent Literacy Writing,Race/Ethnicity,Hispanic/Latino,75,64,64,64,75,64,64,64,74,64,63,64
246908,Emergent Literacy Writing,Race/Ethnicity,Other,86,52,31,25,86,52,NA,NA,84,49,33,27
246908,Emergent Literacy Writing,Race/Ethnicity,White,73,47,32,42,73,NA,32,42,72,46,33,43
246908,Emergent Literacy Writing,Homeless,Homeless,11,5,5,3,11,NA,NA,NA,12,5,5,2
246908,Emergent Literacy Writing,In Foster Care,In Foster Care,6,2,1,1,NA,NA,NA,NA,5,2,0,2
246908,Health and Wellness,Race/Ethnicity,Black or African American,13,8,8,8,13,NA,NA,NA,13,7,7,7
246908,Health and Wellness,Race/Ethnicity,Hispanic/Latino,75,64,64,59,75,64,64,59,75,65,63,60
246908,Health and Wellness,Race/Ethnicity,Other,86,52,39,37,86,NA,NA,NA,85,54,38,39
246908,Health and Wellness,Race/Ethnicity,White,73,55,55,47,73,55,55,47,75,56,56,47
246908,Health and Wellness,Homeless,Homeless,11,5,5,5,11,NA,NA,NA,14,5,4,4
246908,Health and Wellness,In Foster Care,In Foster Care,6,2,1,1,NA,NA,NA,NA,6,1,0,1
246908,Language and Communication,Race/Ethnicity,Black or African American,13,8,4,7,13,NA,NA,NA,13,8,4,8
246908,Language and Communication,Race/Ethnicity,Hispanic/Latino,75,65,32,32,75,65,32,32,74,67,32,30
246908,Language and Communication,Race/Ethnicity,Other,86,53,10,16,86,NA,NA,NA,86,51,11,17
246908,Language and Communication,Race/Ethnicity,White,73,54,36,39,73,54,36,39,72,53,37,38
246908,Language and Communication,Homeless,Homeless,11,5,5,5,11,NA,NA,NA,12,4,4,4
246908,Language and Communication,In Foster Care,In Foster Care,6,2,1,1,NA,NA,NA,NA,6,4,0,1
246908,Mathematics,Race/Ethnicity,Black or African American,13,8,8,8,13,NA,NA,NA,13,9,8,7
246908,Mathematics,Race/Ethnicity,Hispanic/Latino,75,64,57,64,75,64,57,64,74,64,57,64
246908,Mathematics,Race/Ethnicity,Other,86,53,47,30,86,NA,NA,NA,86,53,47,29
246908,Mathematics,Race/Ethnicity,White,73,55,49,31,73,55,49,31,73,55,47,31
246908,Mathematics,Homeless,Homeless,11,5,5,3,11,NA,NA,NA,13,4,4,3
246908,Mathematics,In Foster Care,In Foster Care,6,2,1,2,NA,NA,NA,NA,5,2,2,1
246909,Emergent Literacy Reading,Race/Ethnicity,Black or African American,164,111,70,94,164,111,70,94,162,111,70,93
246909,Emergent Literacy Reading,Race/Ethnicity,Hispanic/Latino,585,444,119,363,585,444,119,363,585,443,119,364
246909,Emergent Literacy Reading,Race/Ethnicity,Other,535,433,341,421,535,433,341,421,535,432,340,423
246909,Emergent Literacy Reading,Race/Ethnicity,White,193,154,79,134,193,154,79,134,193,154,79,135
246909,Emergent Literacy Reading,Homeless,Homeless,69,33,13,26,69,33,13,26,70,33,14,26
246909,Emergent Literacy Reading,In Foster Care,In Foster Care,21,16,11,8,21,16,11,NA,19,17,11,7
246909,Emergent Literacy Writing,Race/Ethnicity,Black or African American,164,103,92,83,164,103,92,83,164,102,92,82
246909,Emergent Literacy Writing,Race/Ethnicity,Hispanic/Latino,585,433,358,382,585,433,358,382,585,433,357,381
246909,Emergent Literacy Writing,Race/Ethnicity,Other,535,393,372,379,535,393,372,379,535,394,372,378
246909,Emergent Literacy Writing,Race/Ethnicity,White,193,144,132,128,193,144,132,128,194,145,131,127
246909,Emergent Literacy Writing,Homeless,Homeless,69,32,27,20,69,32,27,20,69,32,26,19
246909,Emergent Literacy Writing,In Foster Care,In Foster Care,21,15,9,9,21,15,NA,NA,22,14,12,8
246909,Health and Wellness,Race/Ethnicity,Black or African American,164,102,89,76,164,102,89,76,163,100,89,75
246909,Health and Wellness,Race/Ethnicity,Hispanic/Latino,585,413,396,371,585,413,396,371,586,415,396,370
246909,Health and Wellness,Race/Ethnicity,Other,535,392,258,368,535,392,258,368,535,391,258,369
246909,Health and Wellness,Race/Ethnicity,White,193,146,146,132,193,146,146,132,193,147,145,132
246909,Health and Wellness,Homeless,Homeless,69,30,21,19,69,30,21,19,68,31,20,19
246909,Health and Wellness,In Foster Care,In Foster Care,21,15,7,7,21,15,NA,NA,22,14,7,4
246909,Language and Communication,Race/Ethnicity,Black or African American,164,111,52,73,164,111,52,73,164,110,50,73
246909,Language and Communication,Race/Ethnicity,Hispanic/Latino,585,444,219,298,585,444,219,298,584,443,219,298
246909,Language and Communication,Race/Ethnicity,Other,535,433,182,309,535,433,182,309,534,435,183,307
246909,Language and Communication,Race/Ethnicity,White,193,153,67,102,193,153,67,102,194,153,67,102
246909,Language and Communication,Homeless,Homeless,69,33,18,25,69,33,18,25,69,32,17,25
246909,Language and Communication,In Foster Care,In Foster Care,21,16,8,6,21,16,NA,NA,20,16,9,7
246909,Mathematics,Race/Ethnicity,Black or African American,164,111,94,98,164,111,94,98,163,112,95,98
246909,Mathematics,Race/Ethnicity,Hispanic/Latino,585,443,329,415,585,443,329,415,584,443,330,414
246909,Mathematics,Race/Ethnicity,Other,535,430,392,423,535,430,392,423,535,431,392,425
246909,Mathematics,Race/Ethnicity,White,193,151,126,144,193,151,126,144,193,154,126,145
246909,Mathematics,Homeless,Homeless,69,33,27,19,69,33,27,19,69,32,26,19
246909,Mathematics,In Foster Care,In Foster Care,21,16,8,10,21,16,NA,10,24,16,9,10
